version,1.7.0
info,balls_per_over,6
info,team,Glamorgan
info,team,Worcestershire
info,gender,male
info,season,2017
info,date,2017/04/14
info,date,2017/04/15
info,date,2017/04/16
info,event,Specsavers County Championship
info,venue,"Sophia Gardens, Cardiff"
info,city,Cardiff
info,toss_uncontested,true
info,toss_winner,Worcestershire
info,toss_decision,field
info,umpire,NL Bainton
info,umpire,SJ O'Shaughnessy
info,winner,Worcestershire
info,winner_wickets,8
info,player,Glamorgan,NJ Selman
info,player,Glamorgan,JA Rudolph
info,player,Glamorgan,DL Lloyd
info,player,Glamorgan,CA Ingram
info,player,Glamorgan,AHT Donald
info,player,Glamorgan,CB Cooke
info,player,Glamorgan,KS Carlson
info,player,Glamorgan,HW Podmore
info,player,Glamorgan,M de Lange
info,player,Glamorgan,LJ Carey
info,player,Glamorgan,MG Hogan
info,player,Worcestershire,DKH Mitchell
info,player,Worcestershire,BL D'Oliveira
info,player,Worcestershire,TC Fell
info,player,Worcestershire,JM Clarke
info,player,Worcestershire,T Kohler-Cadmore
info,player,Worcestershire,OB Cox
info,player,Worcestershire,EG Barnard
info,player,Worcestershire,J Leach
info,player,Worcestershire,JW Hastings
info,player,Worcestershire,JC Tongue
info,player,Worcestershire,JD Shantry
info,registry,people,AHT Donald,72918338
info,registry,people,BL D'Oliveira,9679838c
info,registry,people,CA Ingram,c995d726
info,registry,people,CB Cooke,6755cd5c
info,registry,people,DKH Mitchell,8108e2d2
info,registry,people,DL Lloyd,0c7f11be
info,registry,people,EG Barnard,a510bdd3
info,registry,people,HW Podmore,43205dad
info,registry,people,J Leach,cd143bca
info,registry,people,JA Rudolph,42537f07
info,registry,people,JC Tongue,1f1b4c89
info,registry,people,JD Shantry,70fdd428
info,registry,people,JM Clarke,2eca67f5
info,registry,people,JW Hastings,012829ff
info,registry,people,KS Carlson,9e707e02
info,registry,people,LJ Carey,5e6d1a54
info,registry,people,M de Lange,d4eef961
info,registry,people,MG Hogan,5da34add
info,registry,people,NJ Selman,bab08c8b
info,registry,people,NL Bainton,cd219cb3
info,registry,people,OB Cox,324a6ee1
info,registry,people,SJ O'Shaughnessy,4d4fdf4a
info,registry,people,T Kohler-Cadmore,f836b33d
info,registry,people,TC Fell,83e74e91
ball,1,0.1,Glamorgan,NJ Selman,JA Rudolph,J Leach,0,2,,,2,,,"",""
ball,1,0.2,Glamorgan,NJ Selman,JA Rudolph,J Leach,2,0,,,,,,"",""
ball,1,0.3,Glamorgan,NJ Selman,JA Rudolph,J Leach,1,0,,,,,,"",""
ball,1,0.4,Glamorgan,JA Rudolph,NJ Selman,J Leach,2,0,,,,,,"",""
ball,1,0.5,Glamorgan,JA Rudolph,NJ Selman,J Leach,0,0,,,,,,"",""
ball,1,0.6,Glamorgan,JA Rudolph,NJ Selman,J Leach,0,0,,,,,,"",""
ball,1,1.1,Glamorgan,NJ Selman,JA Rudolph,JW Hastings,0,0,,,,,,"",""
ball,1,1.2,Glamorgan,NJ Selman,JA Rudolph,JW Hastings,2,0,,,,,,"",""
ball,1,1.3,Glamorgan,NJ Selman,JA Rudolph,JW Hastings,4,0,,,,,,"",""
ball,1,1.4,Glamorgan,NJ Selman,JA Rudolph,JW Hastings,0,0,,,,,,"",""
ball,1,1.5,Glamorgan,NJ Selman,JA Rudolph,JW Hastings,0,0,,,,,,"",""
ball,1,1.6,Glamorgan,NJ Selman,JA Rudolph,JW Hastings,0,0,,,,,,"",""
ball,1,2.1,Glamorgan,JA Rudolph,NJ Selman,J Leach,0,0,,,,,,"",""
ball,1,2.2,Glamorgan,JA Rudolph,NJ Selman,J Leach,0,0,,,,,,"",""
ball,1,2.3,Glamorgan,JA Rudolph,NJ Selman,J Leach,0,0,,,,,,"",""
ball,1,2.4,Glamorgan,JA Rudolph,NJ Selman,J Leach,0,0,,,,,,"",""
ball,1,2.5,Glamorgan,JA Rudolph,NJ Selman,J Leach,0,0,,,,,,"",""
ball,1,2.6,Glamorgan,JA Rudolph,NJ Selman,J Leach,0,0,,,,,,"",""
ball,1,3.1,Glamorgan,NJ Selman,JA Rudolph,JW Hastings,0,0,,,,,,"",""
ball,1,3.2,Glamorgan,NJ Selman,JA Rudolph,JW Hastings,1,0,,,,,,"",""
ball,1,3.3,Glamorgan,JA Rudolph,NJ Selman,JW Hastings,0,0,,,,,,"",""
ball,1,3.4,Glamorgan,JA Rudolph,NJ Selman,JW Hastings,0,0,,,,,,"",""
ball,1,3.5,Glamorgan,JA Rudolph,NJ Selman,JW Hastings,0,0,,,,,,caught,JA Rudolph
ball,1,3.6,Glamorgan,DL Lloyd,NJ Selman,JW Hastings,0,0,,,,,,"",""
ball,1,4.1,Glamorgan,NJ Selman,DL Lloyd,J Leach,0,0,,,,,,"",""
ball,1,4.2,Glamorgan,NJ Selman,DL Lloyd,J Leach,0,0,,,,,,"",""
ball,1,4.3,Glamorgan,NJ Selman,DL Lloyd,J Leach,0,0,,,,,,"",""
ball,1,4.4,Glamorgan,NJ Selman,DL Lloyd,J Leach,0,0,,,,,,"",""
ball,1,4.5,Glamorgan,NJ Selman,DL Lloyd,J Leach,0,0,,,,,,"",""
ball,1,4.6,Glamorgan,NJ Selman,DL Lloyd,J Leach,0,0,,,,,,"",""
ball,1,5.1,Glamorgan,DL Lloyd,NJ Selman,JW Hastings,0,0,,,,,,"",""
ball,1,5.2,Glamorgan,DL Lloyd,NJ Selman,JW Hastings,0,0,,,,,,"",""
ball,1,5.3,Glamorgan,DL Lloyd,NJ Selman,JW Hastings,6,0,,,,,,"",""
ball,1,5.4,Glamorgan,DL Lloyd,NJ Selman,JW Hastings,0,0,,,,,,"",""
ball,1,5.5,Glamorgan,DL Lloyd,NJ Selman,JW Hastings,0,0,,,,,,"",""
ball,1,5.6,Glamorgan,DL Lloyd,NJ Selman,JW Hastings,0,0,,,,,,"",""
ball,1,6.1,Glamorgan,NJ Selman,DL Lloyd,J Leach,0,0,,,,,,"",""
ball,1,6.2,Glamorgan,NJ Selman,DL Lloyd,J Leach,0,0,,,,,,"",""
ball,1,6.3,Glamorgan,NJ Selman,DL Lloyd,J Leach,4,0,,,,,,"",""
ball,1,6.4,Glamorgan,NJ Selman,DL Lloyd,J Leach,1,0,,,,,,"",""
ball,1,6.5,Glamorgan,DL Lloyd,NJ Selman,J Leach,0,0,,,,,,"",""
ball,1,6.6,Glamorgan,DL Lloyd,NJ Selman,J Leach,0,0,,,,,,"",""
ball,1,7.1,Glamorgan,NJ Selman,DL Lloyd,JW Hastings,1,0,,,,,,"",""
ball,1,7.2,Glamorgan,DL Lloyd,NJ Selman,JW Hastings,0,0,,,,,,"",""
ball,1,7.3,Glamorgan,DL Lloyd,NJ Selman,JW Hastings,0,0,,,,,,"",""
ball,1,7.4,Glamorgan,DL Lloyd,NJ Selman,JW Hastings,0,0,,,,,,"",""
ball,1,7.5,Glamorgan,DL Lloyd,NJ Selman,JW Hastings,0,0,,,,,,"",""
ball,1,7.6,Glamorgan,DL Lloyd,NJ Selman,JW Hastings,0,0,,,,,,"",""
ball,1,8.1,Glamorgan,NJ Selman,DL Lloyd,J Leach,0,2,,2,,,,"",""
ball,1,8.2,Glamorgan,NJ Selman,DL Lloyd,J Leach,0,0,,,,,,"",""
ball,1,8.3,Glamorgan,NJ Selman,DL Lloyd,J Leach,0,0,,,,,,caught,NJ Selman
ball,1,8.4,Glamorgan,CA Ingram,DL Lloyd,J Leach,0,0,,,,,,caught,CA Ingram
ball,1,8.5,Glamorgan,AHT Donald,DL Lloyd,J Leach,2,0,,,,,,"",""
ball,1,8.6,Glamorgan,AHT Donald,DL Lloyd,J Leach,1,2,,2,,,,"",""
ball,1,8.7,Glamorgan,DL Lloyd,AHT Donald,J Leach,0,0,,,,,,"",""
ball,1,8.8,Glamorgan,DL Lloyd,AHT Donald,J Leach,0,0,,,,,,"",""
ball,1,9.1,Glamorgan,AHT Donald,DL Lloyd,JW Hastings,0,0,,,,,,"",""
ball,1,9.2,Glamorgan,AHT Donald,DL Lloyd,JW Hastings,0,0,,,,,,"",""
ball,1,9.3,Glamorgan,AHT Donald,DL Lloyd,JW Hastings,0,0,,,,,,bowled,AHT Donald
ball,1,9.4,Glamorgan,CB Cooke,DL Lloyd,JW Hastings,0,0,,,,,,"",""
ball,1,9.5,Glamorgan,CB Cooke,DL Lloyd,JW Hastings,0,0,,,,,,"",""
ball,1,9.6,Glamorgan,CB Cooke,DL Lloyd,JW Hastings,0,0,,,,,,"",""
ball,1,10.1,Glamorgan,DL Lloyd,CB Cooke,J Leach,0,1,,,,1,,"",""
ball,1,10.2,Glamorgan,CB Cooke,DL Lloyd,J Leach,4,0,,,,,,"",""
ball,1,10.3,Glamorgan,CB Cooke,DL Lloyd,J Leach,1,2,,2,,,,"",""
ball,1,10.4,Glamorgan,DL Lloyd,CB Cooke,J Leach,4,0,,,,,,"",""
ball,1,10.5,Glamorgan,DL Lloyd,CB Cooke,J Leach,0,0,,,,,,"",""
ball,1,10.6,Glamorgan,DL Lloyd,CB Cooke,J Leach,0,0,,,,,,"",""
ball,1,10.7,Glamorgan,DL Lloyd,CB Cooke,J Leach,0,0,,,,,,"",""
ball,1,11.1,Glamorgan,CB Cooke,DL Lloyd,JW Hastings,0,0,,,,,,"",""
ball,1,11.2,Glamorgan,CB Cooke,DL Lloyd,JW Hastings,0,0,,,,,,"",""
ball,1,11.3,Glamorgan,CB Cooke,DL Lloyd,JW Hastings,0,0,,,,,,"",""
ball,1,11.4,Glamorgan,CB Cooke,DL Lloyd,JW Hastings,0,0,,,,,,"",""
ball,1,11.5,Glamorgan,CB Cooke,DL Lloyd,JW Hastings,0,0,,,,,,"",""
ball,1,11.6,Glamorgan,CB Cooke,DL Lloyd,JW Hastings,0,0,,,,,,"",""
ball,1,12.1,Glamorgan,DL Lloyd,CB Cooke,J Leach,0,0,,,,,,"",""
ball,1,12.2,Glamorgan,DL Lloyd,CB Cooke,J Leach,0,1,,,,1,,"",""
ball,1,12.3,Glamorgan,CB Cooke,DL Lloyd,J Leach,0,0,,,,,,run out,CB Cooke
ball,1,12.4,Glamorgan,KS Carlson,DL Lloyd,J Leach,0,0,,,,,,"",""
ball,1,12.5,Glamorgan,KS Carlson,DL Lloyd,J Leach,2,0,,,,,,"",""
ball,1,12.6,Glamorgan,KS Carlson,DL Lloyd,J Leach,0,0,,,,,,"",""
ball,1,13.1,Glamorgan,DL Lloyd,KS Carlson,JC Tongue,0,0,,,,,,"",""
ball,1,13.2,Glamorgan,DL Lloyd,KS Carlson,JC Tongue,0,0,,,,,,"",""
ball,1,13.3,Glamorgan,DL Lloyd,KS Carlson,JC Tongue,0,0,,,,,,"",""
ball,1,13.4,Glamorgan,DL Lloyd,KS Carlson,JC Tongue,0,0,,,,,,"",""
ball,1,13.5,Glamorgan,DL Lloyd,KS Carlson,JC Tongue,4,0,,,,,,"",""
ball,1,13.6,Glamorgan,DL Lloyd,KS Carlson,JC Tongue,2,0,,,,,,"",""
ball,1,14.1,Glamorgan,KS Carlson,DL Lloyd,J Leach,1,0,,,,,,"",""
ball,1,14.2,Glamorgan,DL Lloyd,KS Carlson,J Leach,0,0,,,,,,"",""
ball,1,14.3,Glamorgan,DL Lloyd,KS Carlson,J Leach,6,0,,,,,,"",""
ball,1,14.4,Glamorgan,DL Lloyd,KS Carlson,J Leach,0,0,,,,,,"",""
ball,1,14.5,Glamorgan,DL Lloyd,KS Carlson,J Leach,0,0,,,,,,"",""
ball,1,14.6,Glamorgan,DL Lloyd,KS Carlson,J Leach,0,0,,,,,,"",""
ball,1,15.1,Glamorgan,KS Carlson,DL Lloyd,JC Tongue,0,0,,,,,,"",""
ball,1,15.2,Glamorgan,KS Carlson,DL Lloyd,JC Tongue,0,0,,,,,,"",""
ball,1,15.3,Glamorgan,KS Carlson,DL Lloyd,JC Tongue,0,0,,,,,,"",""
ball,1,15.4,Glamorgan,KS Carlson,DL Lloyd,JC Tongue,4,0,,,,,,"",""
ball,1,15.5,Glamorgan,KS Carlson,DL Lloyd,JC Tongue,0,0,,,,,,"",""
ball,1,15.6,Glamorgan,KS Carlson,DL Lloyd,JC Tongue,2,0,,,,,,"",""
ball,1,16.1,Glamorgan,DL Lloyd,KS Carlson,JD Shantry,0,0,,,,,,"",""
ball,1,16.2,Glamorgan,DL Lloyd,KS Carlson,JD Shantry,0,0,,,,,,"",""
ball,1,16.3,Glamorgan,DL Lloyd,KS Carlson,JD Shantry,0,0,,,,,,"",""
ball,1,16.4,Glamorgan,DL Lloyd,KS Carlson,JD Shantry,1,0,,,,,,"",""
ball,1,16.5,Glamorgan,KS Carlson,DL Lloyd,JD Shantry,0,0,,,,,,"",""
ball,1,16.6,Glamorgan,KS Carlson,DL Lloyd,JD Shantry,0,0,,,,,,"",""
ball,1,17.1,Glamorgan,DL Lloyd,KS Carlson,JC Tongue,0,0,,,,,,"",""
ball,1,17.2,Glamorgan,DL Lloyd,KS Carlson,JC Tongue,0,0,,,,,,"",""
ball,1,17.3,Glamorgan,DL Lloyd,KS Carlson,JC Tongue,0,0,,,,,,"",""
ball,1,17.4,Glamorgan,DL Lloyd,KS Carlson,JC Tongue,0,0,,,,,,"",""
ball,1,17.5,Glamorgan,DL Lloyd,KS Carlson,JC Tongue,0,0,,,,,,"",""
ball,1,17.6,Glamorgan,DL Lloyd,KS Carlson,JC Tongue,0,0,,,,,,"",""
ball,1,18.1,Glamorgan,KS Carlson,DL Lloyd,JD Shantry,0,0,,,,,,"",""
ball,1,18.2,Glamorgan,KS Carlson,DL Lloyd,JD Shantry,0,0,,,,,,"",""
ball,1,18.3,Glamorgan,KS Carlson,DL Lloyd,JD Shantry,0,0,,,,,,"",""
ball,1,18.4,Glamorgan,KS Carlson,DL Lloyd,JD Shantry,4,0,,,,,,"",""
ball,1,18.5,Glamorgan,KS Carlson,DL Lloyd,JD Shantry,0,0,,,,,,"",""
ball,1,18.6,Glamorgan,KS Carlson,DL Lloyd,JD Shantry,0,0,,,,,,"",""
ball,1,19.1,Glamorgan,DL Lloyd,KS Carlson,EG Barnard,2,0,,,,,,"",""
ball,1,19.2,Glamorgan,DL Lloyd,KS Carlson,EG Barnard,0,0,,,,,,"",""
ball,1,19.3,Glamorgan,DL Lloyd,KS Carlson,EG Barnard,0,0,,,,,,"",""
ball,1,19.4,Glamorgan,DL Lloyd,KS Carlson,EG Barnard,1,0,,,,,,"",""
ball,1,19.5,Glamorgan,KS Carlson,DL Lloyd,EG Barnard,0,0,,,,,,"",""
ball,1,19.6,Glamorgan,KS Carlson,DL Lloyd,EG Barnard,0,0,,,,,,"",""
ball,1,20.1,Glamorgan,DL Lloyd,KS Carlson,JD Shantry,0,0,,,,,,"",""
ball,1,20.2,Glamorgan,DL Lloyd,KS Carlson,JD Shantry,4,0,,,,,,"",""
ball,1,20.3,Glamorgan,DL Lloyd,KS Carlson,JD Shantry,0,0,,,,,,"",""
ball,1,20.4,Glamorgan,DL Lloyd,KS Carlson,JD Shantry,0,0,,,,,,"",""
ball,1,20.5,Glamorgan,DL Lloyd,KS Carlson,JD Shantry,0,0,,,,,,"",""
ball,1,20.6,Glamorgan,DL Lloyd,KS Carlson,JD Shantry,0,0,,,,,,"",""
ball,1,21.1,Glamorgan,KS Carlson,DL Lloyd,EG Barnard,0,0,,,,,,caught,KS Carlson
ball,1,21.2,Glamorgan,HW Podmore,DL Lloyd,EG Barnard,1,0,,,,,,"",""
ball,1,21.3,Glamorgan,DL Lloyd,HW Podmore,EG Barnard,0,0,,,,,,"",""
ball,1,21.4,Glamorgan,DL Lloyd,HW Podmore,EG Barnard,0,0,,,,,,"",""
ball,1,21.5,Glamorgan,DL Lloyd,HW Podmore,EG Barnard,2,0,,,,,,"",""
ball,1,21.6,Glamorgan,DL Lloyd,HW Podmore,EG Barnard,0,0,,,,,,"",""
ball,1,22.1,Glamorgan,HW Podmore,DL Lloyd,JD Shantry,0,0,,,,,,"",""
ball,1,22.2,Glamorgan,HW Podmore,DL Lloyd,JD Shantry,0,0,,,,,,"",""
ball,1,22.3,Glamorgan,HW Podmore,DL Lloyd,JD Shantry,0,0,,,,,,"",""
ball,1,22.4,Glamorgan,HW Podmore,DL Lloyd,JD Shantry,0,0,,,,,,caught,HW Podmore
ball,1,22.5,Glamorgan,M de Lange,DL Lloyd,JD Shantry,0,0,,,,,,"",""
ball,1,22.6,Glamorgan,M de Lange,DL Lloyd,JD Shantry,0,0,,,,,,"",""
ball,1,23.1,Glamorgan,DL Lloyd,M de Lange,EG Barnard,0,0,,,,,,"",""
ball,1,23.2,Glamorgan,DL Lloyd,M de Lange,EG Barnard,0,0,,,,,,"",""
ball,1,23.3,Glamorgan,DL Lloyd,M de Lange,EG Barnard,1,0,,,,,,"",""
ball,1,23.4,Glamorgan,M de Lange,DL Lloyd,EG Barnard,1,0,,,,,,"",""
ball,1,23.5,Glamorgan,DL Lloyd,M de Lange,EG Barnard,6,0,,,,,,"",""
ball,1,23.6,Glamorgan,DL Lloyd,M de Lange,EG Barnard,4,0,,,,,,"",""
ball,1,24.1,Glamorgan,M de Lange,DL Lloyd,JD Shantry,0,0,,,,,,"",""
ball,1,24.2,Glamorgan,M de Lange,DL Lloyd,JD Shantry,0,0,,,,,,"",""
ball,1,24.3,Glamorgan,M de Lange,DL Lloyd,JD Shantry,0,0,,,,,,"",""
ball,1,24.4,Glamorgan,M de Lange,DL Lloyd,JD Shantry,0,0,,,,,,"",""
ball,1,24.5,Glamorgan,M de Lange,DL Lloyd,JD Shantry,1,0,,,,,,"",""
ball,1,24.6,Glamorgan,DL Lloyd,M de Lange,JD Shantry,0,0,,,,,,"",""
ball,1,25.1,Glamorgan,M de Lange,DL Lloyd,EG Barnard,0,0,,,,,,"",""
ball,1,25.2,Glamorgan,M de Lange,DL Lloyd,EG Barnard,0,0,,,,,,"",""
ball,1,25.3,Glamorgan,M de Lange,DL Lloyd,EG Barnard,0,0,,,,,,"",""
ball,1,25.4,Glamorgan,M de Lange,DL Lloyd,EG Barnard,0,0,,,,,,"",""
ball,1,25.5,Glamorgan,M de Lange,DL Lloyd,EG Barnard,0,0,,,,,,"",""
ball,1,25.6,Glamorgan,M de Lange,DL Lloyd,EG Barnard,4,0,,,,,,"",""
ball,1,26.1,Glamorgan,DL Lloyd,M de Lange,JC Tongue,1,0,,,,,,"",""
ball,1,26.2,Glamorgan,M de Lange,DL Lloyd,JC Tongue,0,0,,,,,,"",""
ball,1,26.3,Glamorgan,M de Lange,DL Lloyd,JC Tongue,0,0,,,,,,"",""
ball,1,26.4,Glamorgan,M de Lange,DL Lloyd,JC Tongue,0,0,,,,,,"",""
ball,1,26.5,Glamorgan,M de Lange,DL Lloyd,JC Tongue,4,0,,,,,,"",""
ball,1,26.6,Glamorgan,M de Lange,DL Lloyd,JC Tongue,1,0,,,,,,"",""
ball,1,27.1,Glamorgan,M de Lange,DL Lloyd,EG Barnard,0,0,,,,,,"",""
ball,1,27.2,Glamorgan,M de Lange,DL Lloyd,EG Barnard,0,0,,,,,,bowled,M de Lange
ball,1,27.3,Glamorgan,LJ Carey,DL Lloyd,EG Barnard,0,0,,,,,,"",""
ball,1,27.4,Glamorgan,LJ Carey,DL Lloyd,EG Barnard,0,0,,,,,,"",""
ball,1,27.5,Glamorgan,LJ Carey,DL Lloyd,EG Barnard,0,0,,,,,,"",""
ball,1,27.6,Glamorgan,LJ Carey,DL Lloyd,EG Barnard,0,0,,,,,,"",""
ball,1,28.1,Glamorgan,DL Lloyd,LJ Carey,JC Tongue,0,0,,,,,,"",""
ball,1,28.2,Glamorgan,DL Lloyd,LJ Carey,JC Tongue,0,0,,,,,,"",""
ball,1,28.3,Glamorgan,DL Lloyd,LJ Carey,JC Tongue,4,0,,,,,,"",""
ball,1,28.4,Glamorgan,DL Lloyd,LJ Carey,JC Tongue,2,0,,,,,,"",""
ball,1,28.5,Glamorgan,DL Lloyd,LJ Carey,JC Tongue,0,0,,,,,,"",""
ball,1,28.6,Glamorgan,DL Lloyd,LJ Carey,JC Tongue,0,0,,,,,,"",""
ball,1,29.1,Glamorgan,LJ Carey,DL Lloyd,EG Barnard,4,0,,,,,,"",""
ball,1,29.2,Glamorgan,LJ Carey,DL Lloyd,EG Barnard,0,1,,,1,,,"",""
ball,1,29.3,Glamorgan,DL Lloyd,LJ Carey,EG Barnard,4,0,,,,,,"",""
ball,1,29.4,Glamorgan,DL Lloyd,LJ Carey,EG Barnard,1,0,,,,,,"",""
ball,1,29.5,Glamorgan,LJ Carey,DL Lloyd,EG Barnard,1,0,,,,,,"",""
ball,1,29.6,Glamorgan,DL Lloyd,LJ Carey,EG Barnard,0,0,,,,,,"",""
ball,1,30.1,Glamorgan,LJ Carey,DL Lloyd,JC Tongue,4,0,,,,,,"",""
ball,1,30.2,Glamorgan,LJ Carey,DL Lloyd,JC Tongue,0,0,,,,,,"",""
ball,1,30.3,Glamorgan,LJ Carey,DL Lloyd,JC Tongue,0,0,,,,,,"",""
ball,1,30.4,Glamorgan,LJ Carey,DL Lloyd,JC Tongue,0,0,,,,,,"",""
ball,1,30.5,Glamorgan,LJ Carey,DL Lloyd,JC Tongue,4,0,,,,,,"",""
ball,1,30.6,Glamorgan,LJ Carey,DL Lloyd,JC Tongue,2,0,,,,,,"",""
ball,1,31.1,Glamorgan,DL Lloyd,LJ Carey,JW Hastings,1,0,,,,,,"",""
ball,1,31.2,Glamorgan,LJ Carey,DL Lloyd,JW Hastings,0,0,,,,,,"",""
ball,1,31.3,Glamorgan,LJ Carey,DL Lloyd,JW Hastings,4,0,,,,,,"",""
ball,1,31.4,Glamorgan,LJ Carey,DL Lloyd,JW Hastings,0,0,,,,,,"",""
ball,1,31.5,Glamorgan,LJ Carey,DL Lloyd,JW Hastings,0,0,,,,,,"",""
ball,1,31.6,Glamorgan,LJ Carey,DL Lloyd,JW Hastings,6,0,,,,,,"",""
ball,1,32.1,Glamorgan,DL Lloyd,LJ Carey,JC Tongue,0,0,,,,,,"",""
ball,1,32.2,Glamorgan,DL Lloyd,LJ Carey,JC Tongue,0,0,,,,,,"",""
ball,1,32.3,Glamorgan,DL Lloyd,LJ Carey,JC Tongue,0,0,,,,,,"",""
ball,1,32.4,Glamorgan,DL Lloyd,LJ Carey,JC Tongue,3,0,,,,,,"",""
ball,1,32.5,Glamorgan,LJ Carey,DL Lloyd,JC Tongue,0,0,,,,,,"",""
ball,1,32.6,Glamorgan,LJ Carey,DL Lloyd,JC Tongue,4,0,,,,,,"",""
ball,1,33.1,Glamorgan,DL Lloyd,LJ Carey,JW Hastings,0,0,,,,,,"",""
ball,1,33.2,Glamorgan,DL Lloyd,LJ Carey,JW Hastings,0,0,,,,,,"",""
ball,1,33.3,Glamorgan,DL Lloyd,LJ Carey,JW Hastings,4,0,,,,,,"",""
ball,1,33.4,Glamorgan,DL Lloyd,LJ Carey,JW Hastings,0,0,,,,,,"",""
ball,1,33.5,Glamorgan,DL Lloyd,LJ Carey,JW Hastings,2,0,,,,,,"",""
ball,1,33.6,Glamorgan,DL Lloyd,LJ Carey,JW Hastings,4,0,,,,,,"",""
ball,1,34.1,Glamorgan,LJ Carey,DL Lloyd,J Leach,4,0,,,,,,"",""
ball,1,34.2,Glamorgan,LJ Carey,DL Lloyd,J Leach,0,0,,,,,,"",""
ball,1,34.3,Glamorgan,LJ Carey,DL Lloyd,J Leach,0,0,,,,,,"",""
ball,1,34.4,Glamorgan,LJ Carey,DL Lloyd,J Leach,4,0,,,,,,"",""
ball,1,34.5,Glamorgan,LJ Carey,DL Lloyd,J Leach,0,0,,,,,,"",""
ball,1,34.6,Glamorgan,LJ Carey,DL Lloyd,J Leach,2,0,,,,,,"",""
ball,1,35.1,Glamorgan,DL Lloyd,LJ Carey,JW Hastings,0,0,,,,,,"",""
ball,1,35.2,Glamorgan,DL Lloyd,LJ Carey,JW Hastings,0,0,,,,,,"",""
ball,1,35.3,Glamorgan,DL Lloyd,LJ Carey,JW Hastings,2,0,,,,,,"",""
ball,1,35.4,Glamorgan,DL Lloyd,LJ Carey,JW Hastings,1,0,,,,,,"",""
ball,1,35.5,Glamorgan,LJ Carey,DL Lloyd,JW Hastings,0,0,,,,,,bowled,LJ Carey
ball,1,35.6,Glamorgan,MG Hogan,DL Lloyd,JW Hastings,0,0,,,,,,"",""
ball,1,36.1,Glamorgan,DL Lloyd,MG Hogan,J Leach,1,0,,,,,,"",""
ball,1,36.2,Glamorgan,MG Hogan,DL Lloyd,J Leach,0,0,,,,,,"",""
ball,1,36.3,Glamorgan,MG Hogan,DL Lloyd,J Leach,4,0,,,,,,"",""
ball,1,36.4,Glamorgan,MG Hogan,DL Lloyd,J Leach,0,0,,,,,,"",""
ball,1,36.5,Glamorgan,MG Hogan,DL Lloyd,J Leach,0,0,,,,,,"",""
ball,1,36.6,Glamorgan,MG Hogan,DL Lloyd,J Leach,0,0,,,,,,"",""
ball,1,37.1,Glamorgan,DL Lloyd,MG Hogan,JW Hastings,0,0,,,,,,"",""
ball,1,37.2,Glamorgan,DL Lloyd,MG Hogan,JW Hastings,1,0,,,,,,"",""
ball,1,37.3,Glamorgan,MG Hogan,DL Lloyd,JW Hastings,0,0,,,,,,"",""
ball,1,37.4,Glamorgan,MG Hogan,DL Lloyd,JW Hastings,2,0,,,,,,"",""
ball,1,37.5,Glamorgan,MG Hogan,DL Lloyd,JW Hastings,1,0,,,,,,"",""
ball,1,37.6,Glamorgan,DL Lloyd,MG Hogan,JW Hastings,4,0,,,,,,"",""
ball,1,38.1,Glamorgan,MG Hogan,DL Lloyd,J Leach,1,0,,,,,,"",""
ball,1,38.2,Glamorgan,DL Lloyd,MG Hogan,J Leach,2,0,,,,,,"",""
ball,1,38.3,Glamorgan,DL Lloyd,MG Hogan,J Leach,0,0,,,,,,"",""
ball,1,38.4,Glamorgan,DL Lloyd,MG Hogan,J Leach,0,0,,,,,,"",""
ball,1,38.5,Glamorgan,DL Lloyd,MG Hogan,J Leach,4,0,,,,,,"",""
ball,1,38.6,Glamorgan,DL Lloyd,MG Hogan,J Leach,1,0,,,,,,"",""
ball,1,39.1,Glamorgan,DL Lloyd,MG Hogan,JW Hastings,1,0,,,,,,"",""
ball,1,39.2,Glamorgan,MG Hogan,DL Lloyd,JW Hastings,4,0,,,,,,"",""
ball,1,39.3,Glamorgan,MG Hogan,DL Lloyd,JW Hastings,2,0,,,,,,"",""
ball,1,39.4,Glamorgan,MG Hogan,DL Lloyd,JW Hastings,4,0,,,,,,"",""
ball,1,39.5,Glamorgan,MG Hogan,DL Lloyd,JW Hastings,0,0,,,,,,"",""
ball,1,39.6,Glamorgan,MG Hogan,DL Lloyd,JW Hastings,0,0,,,,,,"",""
ball,1,40.1,Glamorgan,DL Lloyd,MG Hogan,JD Shantry,2,0,,,,,,"",""
ball,1,40.2,Glamorgan,DL Lloyd,MG Hogan,JD Shantry,0,0,,,,,,"",""
ball,1,40.3,Glamorgan,DL Lloyd,MG Hogan,JD Shantry,0,0,,,,,,"",""
ball,1,40.4,Glamorgan,DL Lloyd,MG Hogan,JD Shantry,0,0,,,,,,caught,DL Lloyd
ball,2,0.1,Worcestershire,DKH Mitchell,BL D'Oliveira,LJ Carey,0,1,1,,,,,"",""
ball,2,0.2,Worcestershire,DKH Mitchell,BL D'Oliveira,LJ Carey,0,0,,,,,,"",""
ball,2,0.3,Worcestershire,DKH Mitchell,BL D'Oliveira,LJ Carey,0,0,,,,,,caught,DKH Mitchell
ball,2,0.4,Worcestershire,TC Fell,BL D'Oliveira,LJ Carey,0,0,,,,,,"",""
ball,2,0.5,Worcestershire,TC Fell,BL D'Oliveira,LJ Carey,0,0,,,,,,"",""
ball,2,0.6,Worcestershire,TC Fell,BL D'Oliveira,LJ Carey,0,0,,,,,,"",""
ball,2,0.7,Worcestershire,TC Fell,BL D'Oliveira,LJ Carey,0,0,,,,,,"",""
ball,2,1.1,Worcestershire,BL D'Oliveira,TC Fell,MG Hogan,0,0,,,,,,"",""
ball,2,1.2,Worcestershire,BL D'Oliveira,TC Fell,MG Hogan,0,0,,,,,,caught,BL D'Oliveira
ball,2,1.3,Worcestershire,JM Clarke,TC Fell,MG Hogan,0,0,,,,,,"",""
ball,2,1.4,Worcestershire,JM Clarke,TC Fell,MG Hogan,0,0,,,,,,"",""
ball,2,1.5,Worcestershire,JM Clarke,TC Fell,MG Hogan,0,0,,,,,,"",""
ball,2,1.6,Worcestershire,JM Clarke,TC Fell,MG Hogan,0,0,,,,,,"",""
ball,2,2.1,Worcestershire,TC Fell,JM Clarke,LJ Carey,0,0,,,,,,"",""
ball,2,2.2,Worcestershire,TC Fell,JM Clarke,LJ Carey,0,0,,,,,,"",""
ball,2,2.3,Worcestershire,TC Fell,JM Clarke,LJ Carey,0,0,,,,,,"",""
ball,2,2.4,Worcestershire,TC Fell,JM Clarke,LJ Carey,0,0,,,,,,"",""
ball,2,2.5,Worcestershire,TC Fell,JM Clarke,LJ Carey,4,0,,,,,,"",""
ball,2,2.6,Worcestershire,TC Fell,JM Clarke,LJ Carey,4,0,,,,,,"",""
ball,2,3.1,Worcestershire,JM Clarke,TC Fell,MG Hogan,0,0,,,,,,"",""
ball,2,3.2,Worcestershire,JM Clarke,TC Fell,MG Hogan,0,0,,,,,,"",""
ball,2,3.3,Worcestershire,JM Clarke,TC Fell,MG Hogan,0,0,,,,,,"",""
ball,2,3.4,Worcestershire,JM Clarke,TC Fell,MG Hogan,0,0,,,,,,"",""
ball,2,3.5,Worcestershire,JM Clarke,TC Fell,MG Hogan,0,0,,,,,,"",""
ball,2,3.6,Worcestershire,JM Clarke,TC Fell,MG Hogan,0,0,,,,,,"",""
ball,2,4.1,Worcestershire,TC Fell,JM Clarke,LJ Carey,0,0,,,,,,"",""
ball,2,4.2,Worcestershire,TC Fell,JM Clarke,LJ Carey,0,0,,,,,,"",""
ball,2,4.3,Worcestershire,TC Fell,JM Clarke,LJ Carey,0,0,,,,,,"",""
ball,2,4.4,Worcestershire,TC Fell,JM Clarke,LJ Carey,0,0,,,,,,"",""
ball,2,4.5,Worcestershire,TC Fell,JM Clarke,LJ Carey,0,0,,,,,,"",""
ball,2,4.6,Worcestershire,TC Fell,JM Clarke,LJ Carey,0,0,,,,,,"",""
ball,2,5.1,Worcestershire,JM Clarke,TC Fell,MG Hogan,4,0,,,,,,"",""
ball,2,5.2,Worcestershire,JM Clarke,TC Fell,MG Hogan,0,0,,,,,,"",""
ball,2,5.3,Worcestershire,JM Clarke,TC Fell,MG Hogan,0,0,,,,,,"",""
ball,2,5.4,Worcestershire,JM Clarke,TC Fell,MG Hogan,0,0,,,,,,"",""
ball,2,5.5,Worcestershire,JM Clarke,TC Fell,MG Hogan,0,0,,,,,,"",""
ball,2,5.6,Worcestershire,JM Clarke,TC Fell,MG Hogan,2,0,,,,,,"",""
ball,2,6.1,Worcestershire,TC Fell,JM Clarke,LJ Carey,0,0,,,,,,"",""
ball,2,6.2,Worcestershire,TC Fell,JM Clarke,LJ Carey,1,0,,,,,,"",""
ball,2,6.3,Worcestershire,JM Clarke,TC Fell,LJ Carey,0,0,,,,,,"",""
ball,2,6.4,Worcestershire,JM Clarke,TC Fell,LJ Carey,0,0,,,,,,"",""
ball,2,6.5,Worcestershire,JM Clarke,TC Fell,LJ Carey,0,0,,,,,,"",""
ball,2,6.6,Worcestershire,JM Clarke,TC Fell,LJ Carey,4,0,,,,,,"",""
ball,2,7.1,Worcestershire,TC Fell,JM Clarke,MG Hogan,0,0,,,,,,"",""
ball,2,7.2,Worcestershire,TC Fell,JM Clarke,MG Hogan,4,0,,,,,,"",""
ball,2,7.3,Worcestershire,TC Fell,JM Clarke,MG Hogan,1,0,,,,,,"",""
ball,2,7.4,Worcestershire,JM Clarke,TC Fell,MG Hogan,1,0,,,,,,"",""
ball,2,7.5,Worcestershire,TC Fell,JM Clarke,MG Hogan,0,0,,,,,,"",""
ball,2,7.6,Worcestershire,TC Fell,JM Clarke,MG Hogan,0,0,,,,,,"",""
ball,2,8.1,Worcestershire,JM Clarke,TC Fell,LJ Carey,0,0,,,,,,"",""
ball,2,8.2,Worcestershire,JM Clarke,TC Fell,LJ Carey,1,0,,,,,,"",""
ball,2,8.3,Worcestershire,TC Fell,JM Clarke,LJ Carey,0,0,,,,,,"",""
ball,2,8.4,Worcestershire,TC Fell,JM Clarke,LJ Carey,0,0,,,,,,"",""
ball,2,8.5,Worcestershire,TC Fell,JM Clarke,LJ Carey,0,0,,,,,,"",""
ball,2,8.6,Worcestershire,TC Fell,JM Clarke,LJ Carey,0,0,,,,,,"",""
ball,2,9.1,Worcestershire,JM Clarke,TC Fell,MG Hogan,0,0,,,,,,"",""
ball,2,9.2,Worcestershire,JM Clarke,TC Fell,MG Hogan,1,0,,,,,,"",""
ball,2,9.3,Worcestershire,TC Fell,JM Clarke,MG Hogan,0,0,,,,,,"",""
ball,2,9.4,Worcestershire,TC Fell,JM Clarke,MG Hogan,1,0,,,,,,"",""
ball,2,9.5,Worcestershire,JM Clarke,TC Fell,MG Hogan,1,0,,,,,,"",""
ball,2,9.6,Worcestershire,TC Fell,JM Clarke,MG Hogan,2,0,,,,,,"",""
ball,2,10.1,Worcestershire,JM Clarke,TC Fell,HW Podmore,4,0,,,,,,"",""
ball,2,10.2,Worcestershire,JM Clarke,TC Fell,HW Podmore,4,0,,,,,,"",""
ball,2,10.3,Worcestershire,JM Clarke,TC Fell,HW Podmore,0,0,,,,,,"",""
ball,2,10.4,Worcestershire,JM Clarke,TC Fell,HW Podmore,0,1,,,,1,,"",""
ball,2,10.5,Worcestershire,TC Fell,JM Clarke,HW Podmore,0,0,,,,,,"",""
ball,2,10.6,Worcestershire,TC Fell,JM Clarke,HW Podmore,0,0,,,,,,"",""
ball,2,11.1,Worcestershire,JM Clarke,TC Fell,M de Lange,0,0,,,,,,"",""
ball,2,11.2,Worcestershire,JM Clarke,TC Fell,M de Lange,1,0,,,,,,"",""
ball,2,11.3,Worcestershire,TC Fell,JM Clarke,M de Lange,0,0,,,,,,"",""
ball,2,11.4,Worcestershire,TC Fell,JM Clarke,M de Lange,0,0,,,,,,"",""
ball,2,11.5,Worcestershire,TC Fell,JM Clarke,M de Lange,0,1,,,1,,,"",""
ball,2,11.6,Worcestershire,JM Clarke,TC Fell,M de Lange,1,0,,,,,,"",""
ball,2,12.1,Worcestershire,JM Clarke,TC Fell,HW Podmore,0,0,,,,,,"",""
ball,2,12.2,Worcestershire,JM Clarke,TC Fell,HW Podmore,0,0,,,,,,"",""
ball,2,12.3,Worcestershire,JM Clarke,TC Fell,HW Podmore,1,0,,,,,,"",""
ball,2,12.4,Worcestershire,TC Fell,JM Clarke,HW Podmore,2,0,,,,,,"",""
ball,2,12.5,Worcestershire,TC Fell,JM Clarke,HW Podmore,0,0,,,,,,"",""
ball,2,12.6,Worcestershire,TC Fell,JM Clarke,HW Podmore,0,0,,,,,,"",""
ball,2,13.1,Worcestershire,JM Clarke,TC Fell,M de Lange,1,0,,,,,,"",""
ball,2,13.2,Worcestershire,TC Fell,JM Clarke,M de Lange,0,0,,,,,,"",""
ball,2,13.3,Worcestershire,TC Fell,JM Clarke,M de Lange,0,0,,,,,,"",""
ball,2,13.4,Worcestershire,TC Fell,JM Clarke,M de Lange,0,0,,,,,,"",""
ball,2,13.5,Worcestershire,TC Fell,JM Clarke,M de Lange,4,0,,,,,,"",""
ball,2,13.6,Worcestershire,TC Fell,JM Clarke,M de Lange,0,1,,,,1,,"",""
ball,2,14.1,Worcestershire,TC Fell,JM Clarke,HW Podmore,0,0,,,,,,"",""
ball,2,14.2,Worcestershire,TC Fell,JM Clarke,HW Podmore,0,0,,,,,,"",""
ball,2,14.3,Worcestershire,TC Fell,JM Clarke,HW Podmore,0,0,,,,,,"",""
ball,2,14.4,Worcestershire,TC Fell,JM Clarke,HW Podmore,0,0,,,,,,"",""
ball,2,14.5,Worcestershire,TC Fell,JM Clarke,HW Podmore,1,0,,,,,,"",""
ball,2,14.6,Worcestershire,JM Clarke,TC Fell,HW Podmore,0,0,,,,,,"",""
ball,2,15.1,Worcestershire,TC Fell,JM Clarke,M de Lange,4,0,,,,,,"",""
ball,2,15.2,Worcestershire,TC Fell,JM Clarke,M de Lange,1,0,,,,,,"",""
ball,2,15.3,Worcestershire,JM Clarke,TC Fell,M de Lange,0,0,,,,,,"",""
ball,2,15.4,Worcestershire,JM Clarke,TC Fell,M de Lange,0,0,,,,,,"",""
ball,2,15.5,Worcestershire,JM Clarke,TC Fell,M de Lange,1,0,,,,,,"",""
ball,2,15.6,Worcestershire,TC Fell,JM Clarke,M de Lange,0,0,,,,,,"",""
ball,2,16.1,Worcestershire,JM Clarke,TC Fell,HW Podmore,0,0,,,,,,"",""
ball,2,16.2,Worcestershire,JM Clarke,TC Fell,HW Podmore,0,0,,,,,,"",""
ball,2,16.3,Worcestershire,JM Clarke,TC Fell,HW Podmore,0,0,,,,,,"",""
ball,2,16.4,Worcestershire,JM Clarke,TC Fell,HW Podmore,4,0,,,,,,"",""
ball,2,16.5,Worcestershire,JM Clarke,TC Fell,HW Podmore,1,0,,,,,,"",""
ball,2,16.6,Worcestershire,TC Fell,JM Clarke,HW Podmore,1,0,,,,,,"",""
ball,2,17.1,Worcestershire,TC Fell,JM Clarke,M de Lange,0,0,,,,,,"",""
ball,2,17.2,Worcestershire,TC Fell,JM Clarke,M de Lange,0,0,,,,,,"",""
ball,2,17.3,Worcestershire,TC Fell,JM Clarke,M de Lange,1,0,,,,,,"",""
ball,2,17.4,Worcestershire,JM Clarke,TC Fell,M de Lange,1,0,,,,,,"",""
ball,2,17.5,Worcestershire,TC Fell,JM Clarke,M de Lange,0,0,,,,,,"",""
ball,2,17.6,Worcestershire,TC Fell,JM Clarke,M de Lange,1,0,,,,,,"",""
ball,2,18.1,Worcestershire,TC Fell,JM Clarke,DL Lloyd,1,0,,,,,,"",""
ball,2,18.2,Worcestershire,JM Clarke,TC Fell,DL Lloyd,0,0,,,,,,"",""
ball,2,18.3,Worcestershire,JM Clarke,TC Fell,DL Lloyd,0,0,,,,,,"",""
ball,2,18.4,Worcestershire,JM Clarke,TC Fell,DL Lloyd,4,0,,,,,,"",""
ball,2,18.5,Worcestershire,JM Clarke,TC Fell,DL Lloyd,1,0,,,,,,"",""
ball,2,18.6,Worcestershire,TC Fell,JM Clarke,DL Lloyd,1,0,,,,,,"",""
ball,2,19.1,Worcestershire,TC Fell,JM Clarke,LJ Carey,1,0,,,,,,"",""
ball,2,19.2,Worcestershire,JM Clarke,TC Fell,LJ Carey,0,0,,,,,,"",""
ball,2,19.3,Worcestershire,JM Clarke,TC Fell,LJ Carey,0,2,,,,2,,"",""
ball,2,19.4,Worcestershire,JM Clarke,TC Fell,LJ Carey,0,0,,,,,,"",""
ball,2,19.5,Worcestershire,JM Clarke,TC Fell,LJ Carey,0,0,,,,,,"",""
ball,2,19.6,Worcestershire,JM Clarke,TC Fell,LJ Carey,1,0,,,,,,"",""
ball,2,20.1,Worcestershire,JM Clarke,TC Fell,DL Lloyd,0,0,,,,,,caught,JM Clarke
ball,2,20.2,Worcestershire,T Kohler-Cadmore,TC Fell,DL Lloyd,0,0,,,,,,"",""
ball,2,20.3,Worcestershire,T Kohler-Cadmore,TC Fell,DL Lloyd,0,0,,,,,,"",""
ball,2,20.4,Worcestershire,T Kohler-Cadmore,TC Fell,DL Lloyd,0,0,,,,,,"",""
ball,2,20.5,Worcestershire,T Kohler-Cadmore,TC Fell,DL Lloyd,0,0,,,,,,"",""
ball,2,20.6,Worcestershire,T Kohler-Cadmore,TC Fell,DL Lloyd,0,0,,,,,,"",""
ball,2,21.1,Worcestershire,TC Fell,T Kohler-Cadmore,LJ Carey,0,0,,,,,,"",""
ball,2,21.2,Worcestershire,TC Fell,T Kohler-Cadmore,LJ Carey,0,0,,,,,,bowled,TC Fell
ball,2,21.3,Worcestershire,OB Cox,T Kohler-Cadmore,LJ Carey,0,0,,,,,,"",""
ball,2,21.4,Worcestershire,OB Cox,T Kohler-Cadmore,LJ Carey,4,0,,,,,,"",""
ball,2,21.5,Worcestershire,OB Cox,T Kohler-Cadmore,LJ Carey,0,0,,,,,,"",""
ball,2,21.6,Worcestershire,OB Cox,T Kohler-Cadmore,LJ Carey,1,0,,,,,,"",""
ball,2,22.1,Worcestershire,OB Cox,T Kohler-Cadmore,DL Lloyd,0,0,,,,,,"",""
ball,2,22.2,Worcestershire,OB Cox,T Kohler-Cadmore,DL Lloyd,4,0,,,,,,"",""
ball,2,22.3,Worcestershire,OB Cox,T Kohler-Cadmore,DL Lloyd,0,0,,,,,,"",""
ball,2,22.4,Worcestershire,OB Cox,T Kohler-Cadmore,DL Lloyd,1,0,,,,,,"",""
ball,2,22.5,Worcestershire,T Kohler-Cadmore,OB Cox,DL Lloyd,1,0,,,,,,"",""
ball,2,22.6,Worcestershire,OB Cox,T Kohler-Cadmore,DL Lloyd,1,2,,2,,,,"",""
ball,2,22.7,Worcestershire,T Kohler-Cadmore,OB Cox,DL Lloyd,0,0,,,,,,"",""
ball,2,23.1,Worcestershire,OB Cox,T Kohler-Cadmore,LJ Carey,0,0,,,,,,"",""
ball,2,23.2,Worcestershire,OB Cox,T Kohler-Cadmore,LJ Carey,1,0,,,,,,"",""
ball,2,23.3,Worcestershire,T Kohler-Cadmore,OB Cox,LJ Carey,1,0,,,,,,"",""
ball,2,23.4,Worcestershire,OB Cox,T Kohler-Cadmore,LJ Carey,4,0,,,,,,"",""
ball,2,23.5,Worcestershire,OB Cox,T Kohler-Cadmore,LJ Carey,0,0,,,,,,"",""
ball,2,23.6,Worcestershire,OB Cox,T Kohler-Cadmore,LJ Carey,0,0,,,,,,"",""
ball,2,24.1,Worcestershire,T Kohler-Cadmore,OB Cox,M de Lange,4,0,,,,,,"",""
ball,2,24.2,Worcestershire,T Kohler-Cadmore,OB Cox,M de Lange,2,0,,,,,,"",""
ball,2,24.3,Worcestershire,T Kohler-Cadmore,OB Cox,M de Lange,0,2,,2,,,,"",""
ball,2,24.4,Worcestershire,T Kohler-Cadmore,OB Cox,M de Lange,0,0,,,,,,"",""
ball,2,24.5,Worcestershire,T Kohler-Cadmore,OB Cox,M de Lange,0,0,,,,,,"",""
ball,2,24.6,Worcestershire,T Kohler-Cadmore,OB Cox,M de Lange,0,0,,,,,,"",""
ball,2,24.7,Worcestershire,T Kohler-Cadmore,OB Cox,M de Lange,0,0,,,,,,"",""
ball,2,25.1,Worcestershire,OB Cox,T Kohler-Cadmore,LJ Carey,0,0,,,,,,"",""
ball,2,25.2,Worcestershire,OB Cox,T Kohler-Cadmore,LJ Carey,1,0,,,,,,"",""
ball,2,25.3,Worcestershire,T Kohler-Cadmore,OB Cox,LJ Carey,0,0,,,,,,"",""
ball,2,25.4,Worcestershire,T Kohler-Cadmore,OB Cox,LJ Carey,0,0,,,,,,"",""
ball,2,25.5,Worcestershire,T Kohler-Cadmore,OB Cox,LJ Carey,0,0,,,,,,"",""
ball,2,25.6,Worcestershire,T Kohler-Cadmore,OB Cox,LJ Carey,0,0,,,,,,"",""
ball,2,26.1,Worcestershire,OB Cox,T Kohler-Cadmore,M de Lange,1,0,,,,,,"",""
ball,2,26.2,Worcestershire,T Kohler-Cadmore,OB Cox,M de Lange,0,0,,,,,,"",""
ball,2,26.3,Worcestershire,T Kohler-Cadmore,OB Cox,M de Lange,0,0,,,,,,"",""
ball,2,26.4,Worcestershire,T Kohler-Cadmore,OB Cox,M de Lange,0,0,,,,,,"",""
ball,2,26.5,Worcestershire,T Kohler-Cadmore,OB Cox,M de Lange,1,0,,,,,,"",""
ball,2,26.6,Worcestershire,OB Cox,T Kohler-Cadmore,M de Lange,4,0,,,,,,"",""
ball,2,27.1,Worcestershire,T Kohler-Cadmore,OB Cox,LJ Carey,0,0,,,,,,"",""
ball,2,27.2,Worcestershire,T Kohler-Cadmore,OB Cox,LJ Carey,4,0,,,,,,"",""
ball,2,27.3,Worcestershire,T Kohler-Cadmore,OB Cox,LJ Carey,4,0,,,,,,"",""
ball,2,27.4,Worcestershire,T Kohler-Cadmore,OB Cox,LJ Carey,4,0,,,,,,"",""
ball,2,27.5,Worcestershire,T Kohler-Cadmore,OB Cox,LJ Carey,1,0,,,,,,"",""
ball,2,27.6,Worcestershire,OB Cox,T Kohler-Cadmore,LJ Carey,0,0,,,,,,"",""
ball,2,28.1,Worcestershire,T Kohler-Cadmore,OB Cox,M de Lange,0,0,,,,,,"",""
ball,2,28.2,Worcestershire,T Kohler-Cadmore,OB Cox,M de Lange,0,0,,,,,,"",""
ball,2,28.3,Worcestershire,T Kohler-Cadmore,OB Cox,M de Lange,0,0,,,,,,"",""
ball,2,28.4,Worcestershire,T Kohler-Cadmore,OB Cox,M de Lange,1,0,,,,,,"",""
ball,2,28.5,Worcestershire,OB Cox,T Kohler-Cadmore,M de Lange,0,0,,,,,,"",""
ball,2,28.6,Worcestershire,OB Cox,T Kohler-Cadmore,M de Lange,0,0,,,,,,"",""
ball,2,29.1,Worcestershire,T Kohler-Cadmore,OB Cox,MG Hogan,0,0,,,,,,"",""
ball,2,29.2,Worcestershire,T Kohler-Cadmore,OB Cox,MG Hogan,0,0,,,,,,"",""
ball,2,29.3,Worcestershire,T Kohler-Cadmore,OB Cox,MG Hogan,0,0,,,,,,"",""
ball,2,29.4,Worcestershire,T Kohler-Cadmore,OB Cox,MG Hogan,1,0,,,,,,"",""
ball,2,29.5,Worcestershire,OB Cox,T Kohler-Cadmore,MG Hogan,0,0,,,,,,"",""
ball,2,29.6,Worcestershire,OB Cox,T Kohler-Cadmore,MG Hogan,0,1,,,,1,,"",""
ball,2,30.1,Worcestershire,OB Cox,T Kohler-Cadmore,M de Lange,2,0,,,,,,"",""
ball,2,30.2,Worcestershire,OB Cox,T Kohler-Cadmore,M de Lange,0,0,,,,,,"",""
ball,2,30.3,Worcestershire,OB Cox,T Kohler-Cadmore,M de Lange,1,0,,,,,,"",""
ball,2,30.4,Worcestershire,T Kohler-Cadmore,OB Cox,M de Lange,1,0,,,,,,"",""
ball,2,30.5,Worcestershire,OB Cox,T Kohler-Cadmore,M de Lange,0,0,,,,,,"",""
ball,2,30.6,Worcestershire,OB Cox,T Kohler-Cadmore,M de Lange,0,0,,,,,,"",""
ball,2,31.1,Worcestershire,T Kohler-Cadmore,OB Cox,MG Hogan,0,0,,,,,,"",""
ball,2,31.2,Worcestershire,T Kohler-Cadmore,OB Cox,MG Hogan,0,0,,,,,,"",""
ball,2,31.3,Worcestershire,T Kohler-Cadmore,OB Cox,MG Hogan,0,0,,,,,,"",""
ball,2,31.4,Worcestershire,T Kohler-Cadmore,OB Cox,MG Hogan,0,0,,,,,,"",""
ball,2,31.5,Worcestershire,T Kohler-Cadmore,OB Cox,MG Hogan,0,0,,,,,,"",""
ball,2,31.6,Worcestershire,T Kohler-Cadmore,OB Cox,MG Hogan,0,0,,,,,,"",""
ball,2,32.1,Worcestershire,OB Cox,T Kohler-Cadmore,DL Lloyd,1,0,,,,,,"",""
ball,2,32.2,Worcestershire,T Kohler-Cadmore,OB Cox,DL Lloyd,0,0,,,,,,"",""
ball,2,32.3,Worcestershire,T Kohler-Cadmore,OB Cox,DL Lloyd,4,0,,,,,,"",""
ball,2,32.4,Worcestershire,T Kohler-Cadmore,OB Cox,DL Lloyd,0,0,,,,,,"",""
ball,2,32.5,Worcestershire,T Kohler-Cadmore,OB Cox,DL Lloyd,0,0,,,,,,"",""
ball,2,32.6,Worcestershire,T Kohler-Cadmore,OB Cox,DL Lloyd,0,0,,,,,,"",""
ball,2,33.1,Worcestershire,OB Cox,T Kohler-Cadmore,MG Hogan,1,0,,,,,,"",""
ball,2,33.2,Worcestershire,T Kohler-Cadmore,OB Cox,MG Hogan,0,0,,,,,,"",""
ball,2,33.3,Worcestershire,T Kohler-Cadmore,OB Cox,MG Hogan,4,0,,,,,,"",""
ball,2,33.4,Worcestershire,T Kohler-Cadmore,OB Cox,MG Hogan,0,0,,,,,,"",""
ball,2,33.5,Worcestershire,T Kohler-Cadmore,OB Cox,MG Hogan,0,0,,,,,,"",""
ball,2,33.6,Worcestershire,T Kohler-Cadmore,OB Cox,MG Hogan,0,0,,,,,,"",""
ball,2,34.1,Worcestershire,OB Cox,T Kohler-Cadmore,DL Lloyd,1,0,,,,,,"",""
ball,2,34.2,Worcestershire,T Kohler-Cadmore,OB Cox,DL Lloyd,0,0,,,,,,"",""
ball,2,34.3,Worcestershire,T Kohler-Cadmore,OB Cox,DL Lloyd,0,0,,,,,,"",""
ball,2,34.4,Worcestershire,T Kohler-Cadmore,OB Cox,DL Lloyd,0,0,,,,,,"",""
ball,2,34.5,Worcestershire,T Kohler-Cadmore,OB Cox,DL Lloyd,4,0,,,,,,"",""
ball,2,34.6,Worcestershire,T Kohler-Cadmore,OB Cox,DL Lloyd,1,0,,,,,,"",""
ball,2,35.1,Worcestershire,T Kohler-Cadmore,OB Cox,MG Hogan,1,0,,,,,,"",""
ball,2,35.2,Worcestershire,OB Cox,T Kohler-Cadmore,MG Hogan,0,0,,,,,,"",""
ball,2,35.3,Worcestershire,OB Cox,T Kohler-Cadmore,MG Hogan,0,0,,,,,,"",""
ball,2,35.4,Worcestershire,OB Cox,T Kohler-Cadmore,MG Hogan,0,0,,,,,,"",""
ball,2,35.5,Worcestershire,OB Cox,T Kohler-Cadmore,MG Hogan,0,0,,,,,,"",""
ball,2,35.6,Worcestershire,OB Cox,T Kohler-Cadmore,MG Hogan,4,0,,,,,,"",""
ball,2,36.1,Worcestershire,T Kohler-Cadmore,OB Cox,DL Lloyd,0,0,,,,,,"",""
ball,2,36.2,Worcestershire,T Kohler-Cadmore,OB Cox,DL Lloyd,0,0,,,,,,"",""
ball,2,36.3,Worcestershire,T Kohler-Cadmore,OB Cox,DL Lloyd,4,0,,,,,,"",""
ball,2,36.4,Worcestershire,T Kohler-Cadmore,OB Cox,DL Lloyd,0,0,,,,,,"",""
ball,2,36.5,Worcestershire,T Kohler-Cadmore,OB Cox,DL Lloyd,4,0,,,,,,"",""
ball,2,36.6,Worcestershire,T Kohler-Cadmore,OB Cox,DL Lloyd,1,0,,,,,,"",""
ball,2,37.1,Worcestershire,T Kohler-Cadmore,OB Cox,MG Hogan,0,0,,,,,,"",""
ball,2,37.2,Worcestershire,T Kohler-Cadmore,OB Cox,MG Hogan,0,0,,,,,,"",""
ball,2,37.3,Worcestershire,T Kohler-Cadmore,OB Cox,MG Hogan,0,0,,,,,,"",""
ball,2,37.4,Worcestershire,T Kohler-Cadmore,OB Cox,MG Hogan,1,0,,,,,,"",""
ball,2,37.5,Worcestershire,OB Cox,T Kohler-Cadmore,MG Hogan,0,0,,,,,,"",""
ball,2,37.6,Worcestershire,OB Cox,T Kohler-Cadmore,MG Hogan,0,0,,,,,,"",""
ball,2,38.1,Worcestershire,T Kohler-Cadmore,OB Cox,DL Lloyd,0,0,,,,,,"",""
ball,2,38.2,Worcestershire,T Kohler-Cadmore,OB Cox,DL Lloyd,0,0,,,,,,"",""
ball,2,38.3,Worcestershire,T Kohler-Cadmore,OB Cox,DL Lloyd,0,0,,,,,,"",""
ball,2,38.4,Worcestershire,T Kohler-Cadmore,OB Cox,DL Lloyd,0,0,,,,,,"",""
ball,2,38.5,Worcestershire,T Kohler-Cadmore,OB Cox,DL Lloyd,1,2,,2,,,,"",""
ball,2,38.6,Worcestershire,OB Cox,T Kohler-Cadmore,DL Lloyd,0,0,,,,,,"",""
ball,2,38.7,Worcestershire,OB Cox,T Kohler-Cadmore,DL Lloyd,4,0,,,,,,"",""
ball,2,39.1,Worcestershire,T Kohler-Cadmore,OB Cox,MG Hogan,0,0,,,,,,"",""
ball,2,39.2,Worcestershire,T Kohler-Cadmore,OB Cox,MG Hogan,2,0,,,,,,"",""
ball,2,39.3,Worcestershire,T Kohler-Cadmore,OB Cox,MG Hogan,0,0,,,,,,"",""
ball,2,39.4,Worcestershire,T Kohler-Cadmore,OB Cox,MG Hogan,0,0,,,,,,"",""
ball,2,39.5,Worcestershire,T Kohler-Cadmore,OB Cox,MG Hogan,0,0,,,,,,"",""
ball,2,39.6,Worcestershire,T Kohler-Cadmore,OB Cox,MG Hogan,0,0,,,,,,"",""
ball,2,40.1,Worcestershire,OB Cox,T Kohler-Cadmore,DL Lloyd,4,0,,,,,,"",""
ball,2,40.2,Worcestershire,OB Cox,T Kohler-Cadmore,DL Lloyd,0,0,,,,,,"",""
ball,2,40.3,Worcestershire,OB Cox,T Kohler-Cadmore,DL Lloyd,1,0,,,,,,"",""
ball,2,40.4,Worcestershire,T Kohler-Cadmore,OB Cox,DL Lloyd,0,2,,2,,,,"",""
ball,2,40.5,Worcestershire,T Kohler-Cadmore,OB Cox,DL Lloyd,0,0,,,,,,"",""
ball,2,40.6,Worcestershire,T Kohler-Cadmore,OB Cox,DL Lloyd,0,0,,,,,,"",""
ball,2,40.7,Worcestershire,T Kohler-Cadmore,OB Cox,DL Lloyd,1,0,,,,,,"",""
ball,2,41.1,Worcestershire,T Kohler-Cadmore,OB Cox,MG Hogan,0,0,,,,,,"",""
ball,2,41.2,Worcestershire,T Kohler-Cadmore,OB Cox,MG Hogan,0,0,,,,,,"",""
ball,2,41.3,Worcestershire,T Kohler-Cadmore,OB Cox,MG Hogan,0,0,,,,,,"",""
ball,2,41.4,Worcestershire,T Kohler-Cadmore,OB Cox,MG Hogan,1,0,,,,,,"",""
ball,2,41.5,Worcestershire,OB Cox,T Kohler-Cadmore,MG Hogan,0,0,,,,,,"",""
ball,2,41.6,Worcestershire,OB Cox,T Kohler-Cadmore,MG Hogan,0,0,,,,,,"",""
ball,2,42.1,Worcestershire,T Kohler-Cadmore,OB Cox,LJ Carey,0,0,,,,,,"",""
ball,2,42.2,Worcestershire,T Kohler-Cadmore,OB Cox,LJ Carey,0,0,,,,,,"",""
ball,2,42.3,Worcestershire,T Kohler-Cadmore,OB Cox,LJ Carey,0,0,,,,,,"",""
ball,2,42.4,Worcestershire,T Kohler-Cadmore,OB Cox,LJ Carey,4,0,,,,,,"",""
ball,2,42.5,Worcestershire,T Kohler-Cadmore,OB Cox,LJ Carey,0,4,,,,4,,"",""
ball,2,42.6,Worcestershire,T Kohler-Cadmore,OB Cox,LJ Carey,0,0,,,,,,"",""
ball,2,43.1,Worcestershire,OB Cox,T Kohler-Cadmore,MG Hogan,1,0,,,,,,"",""
ball,2,43.2,Worcestershire,T Kohler-Cadmore,OB Cox,MG Hogan,2,0,,,,,,"",""
ball,2,43.3,Worcestershire,T Kohler-Cadmore,OB Cox,MG Hogan,1,0,,,,,,"",""
ball,2,43.4,Worcestershire,OB Cox,T Kohler-Cadmore,MG Hogan,0,0,,,,,,"",""
ball,2,43.5,Worcestershire,OB Cox,T Kohler-Cadmore,MG Hogan,0,0,,,,,,caught,OB Cox
ball,2,43.6,Worcestershire,EG Barnard,T Kohler-Cadmore,MG Hogan,0,0,,,,,,"",""
ball,2,44.1,Worcestershire,T Kohler-Cadmore,EG Barnard,LJ Carey,1,0,,,,,,"",""
ball,2,44.2,Worcestershire,EG Barnard,T Kohler-Cadmore,LJ Carey,0,0,,,,,,"",""
ball,2,44.3,Worcestershire,EG Barnard,T Kohler-Cadmore,LJ Carey,4,0,,,,,,"",""
ball,2,44.4,Worcestershire,EG Barnard,T Kohler-Cadmore,LJ Carey,0,0,,,,,,"",""
ball,2,44.5,Worcestershire,EG Barnard,T Kohler-Cadmore,LJ Carey,0,0,,,,,,"",""
ball,2,44.6,Worcestershire,EG Barnard,T Kohler-Cadmore,LJ Carey,0,0,,,,,,"",""
ball,2,45.1,Worcestershire,T Kohler-Cadmore,EG Barnard,MG Hogan,0,0,,,,,,"",""
ball,2,45.2,Worcestershire,T Kohler-Cadmore,EG Barnard,MG Hogan,0,4,,,,4,,"",""
ball,2,45.3,Worcestershire,T Kohler-Cadmore,EG Barnard,MG Hogan,0,0,,,,,,"",""
ball,2,45.4,Worcestershire,T Kohler-Cadmore,EG Barnard,MG Hogan,0,0,,,,,,"",""
ball,2,45.5,Worcestershire,T Kohler-Cadmore,EG Barnard,MG Hogan,0,0,,,,,,"",""
ball,2,45.6,Worcestershire,T Kohler-Cadmore,EG Barnard,MG Hogan,0,0,,,,,,"",""
ball,2,46.1,Worcestershire,EG Barnard,T Kohler-Cadmore,LJ Carey,0,0,,,,,,"",""
ball,2,46.2,Worcestershire,EG Barnard,T Kohler-Cadmore,LJ Carey,0,0,,,,,,"",""
ball,2,46.3,Worcestershire,EG Barnard,T Kohler-Cadmore,LJ Carey,0,0,,,,,,"",""
ball,2,46.4,Worcestershire,EG Barnard,T Kohler-Cadmore,LJ Carey,2,0,,,,,,"",""
ball,2,46.5,Worcestershire,EG Barnard,T Kohler-Cadmore,LJ Carey,0,0,,,,,,"",""
ball,2,46.6,Worcestershire,EG Barnard,T Kohler-Cadmore,LJ Carey,0,0,,,,,,"",""
ball,2,47.1,Worcestershire,T Kohler-Cadmore,EG Barnard,MG Hogan,0,1,,,,1,,"",""
ball,2,47.2,Worcestershire,EG Barnard,T Kohler-Cadmore,MG Hogan,0,0,,,,,,"",""
ball,2,47.3,Worcestershire,EG Barnard,T Kohler-Cadmore,MG Hogan,2,0,,,,,,"",""
ball,2,47.4,Worcestershire,EG Barnard,T Kohler-Cadmore,MG Hogan,0,0,,,,,,"",""
ball,2,47.5,Worcestershire,EG Barnard,T Kohler-Cadmore,MG Hogan,0,0,,,,,,"",""
ball,2,47.6,Worcestershire,EG Barnard,T Kohler-Cadmore,MG Hogan,0,0,,,,,,"",""
ball,2,48.1,Worcestershire,T Kohler-Cadmore,EG Barnard,LJ Carey,0,0,,,,,,"",""
ball,2,48.2,Worcestershire,T Kohler-Cadmore,EG Barnard,LJ Carey,0,1,,,,1,,"",""
ball,2,48.3,Worcestershire,EG Barnard,T Kohler-Cadmore,LJ Carey,4,0,,,,,,"",""
ball,2,48.4,Worcestershire,EG Barnard,T Kohler-Cadmore,LJ Carey,0,0,,,,,,"",""
ball,2,48.5,Worcestershire,EG Barnard,T Kohler-Cadmore,LJ Carey,2,0,,,,,,"",""
ball,2,48.6,Worcestershire,EG Barnard,T Kohler-Cadmore,LJ Carey,0,0,,,,,,"",""
ball,2,49.1,Worcestershire,T Kohler-Cadmore,EG Barnard,HW Podmore,0,0,,,,,,"",""
ball,2,49.2,Worcestershire,T Kohler-Cadmore,EG Barnard,HW Podmore,0,0,,,,,,"",""
ball,2,49.3,Worcestershire,T Kohler-Cadmore,EG Barnard,HW Podmore,1,0,,,,,,"",""
ball,2,49.4,Worcestershire,EG Barnard,T Kohler-Cadmore,HW Podmore,0,0,,,,,,"",""
ball,2,49.5,Worcestershire,EG Barnard,T Kohler-Cadmore,HW Podmore,4,0,,,,,,"",""
ball,2,49.6,Worcestershire,EG Barnard,T Kohler-Cadmore,HW Podmore,0,0,,,,,,"",""
ball,2,50.1,Worcestershire,T Kohler-Cadmore,EG Barnard,M de Lange,0,0,,,,,,"",""
ball,2,50.2,Worcestershire,T Kohler-Cadmore,EG Barnard,M de Lange,4,0,,,,,,"",""
ball,2,50.3,Worcestershire,T Kohler-Cadmore,EG Barnard,M de Lange,0,0,,,,,,"",""
ball,2,50.4,Worcestershire,T Kohler-Cadmore,EG Barnard,M de Lange,4,0,,,,,,"",""
ball,2,50.5,Worcestershire,T Kohler-Cadmore,EG Barnard,M de Lange,0,0,,,,,,"",""
ball,2,50.6,Worcestershire,T Kohler-Cadmore,EG Barnard,M de Lange,1,0,,,,,,"",""
ball,2,51.1,Worcestershire,T Kohler-Cadmore,EG Barnard,HW Podmore,0,0,,,,,,"",""
ball,2,51.2,Worcestershire,T Kohler-Cadmore,EG Barnard,HW Podmore,0,0,,,,,,"",""
ball,2,51.3,Worcestershire,T Kohler-Cadmore,EG Barnard,HW Podmore,0,0,,,,,,"",""
ball,2,51.4,Worcestershire,T Kohler-Cadmore,EG Barnard,HW Podmore,0,0,,,,,,"",""
ball,2,51.5,Worcestershire,T Kohler-Cadmore,EG Barnard,HW Podmore,0,1,,,,1,,"",""
ball,2,51.6,Worcestershire,EG Barnard,T Kohler-Cadmore,HW Podmore,0,0,,,,,,"",""
ball,2,52.1,Worcestershire,T Kohler-Cadmore,EG Barnard,M de Lange,4,0,,,,,,"",""
ball,2,52.2,Worcestershire,T Kohler-Cadmore,EG Barnard,M de Lange,3,0,,,,,,"",""
ball,2,52.3,Worcestershire,EG Barnard,T Kohler-Cadmore,M de Lange,1,0,,,,,,"",""
ball,2,52.4,Worcestershire,T Kohler-Cadmore,EG Barnard,M de Lange,0,0,,,,,,"",""
ball,2,52.5,Worcestershire,T Kohler-Cadmore,EG Barnard,M de Lange,0,0,,,,,,"",""
ball,2,52.6,Worcestershire,T Kohler-Cadmore,EG Barnard,M de Lange,0,0,,,,,,"",""
ball,2,53.1,Worcestershire,EG Barnard,T Kohler-Cadmore,HW Podmore,0,0,,,,,,"",""
ball,2,53.2,Worcestershire,EG Barnard,T Kohler-Cadmore,HW Podmore,0,0,,,,,,"",""
ball,2,53.3,Worcestershire,EG Barnard,T Kohler-Cadmore,HW Podmore,4,0,,,,,,"",""
ball,2,53.4,Worcestershire,EG Barnard,T Kohler-Cadmore,HW Podmore,0,0,,,,,,"",""
ball,2,53.5,Worcestershire,EG Barnard,T Kohler-Cadmore,HW Podmore,0,0,,,,,,"",""
ball,2,53.6,Worcestershire,EG Barnard,T Kohler-Cadmore,HW Podmore,0,0,,,,,,"",""
ball,2,54.1,Worcestershire,T Kohler-Cadmore,EG Barnard,M de Lange,0,0,,,,,,"",""
ball,2,54.2,Worcestershire,T Kohler-Cadmore,EG Barnard,M de Lange,0,0,,,,,,"",""
ball,2,54.3,Worcestershire,T Kohler-Cadmore,EG Barnard,M de Lange,1,0,,,,,,"",""
ball,2,54.4,Worcestershire,EG Barnard,T Kohler-Cadmore,M de Lange,0,0,,,,,,"",""
ball,2,54.5,Worcestershire,EG Barnard,T Kohler-Cadmore,M de Lange,0,0,,,,,,"",""
ball,2,54.6,Worcestershire,EG Barnard,T Kohler-Cadmore,M de Lange,1,2,,2,,,,"",""
ball,2,54.7,Worcestershire,T Kohler-Cadmore,EG Barnard,M de Lange,1,0,,,,,,"",""
ball,2,55.1,Worcestershire,T Kohler-Cadmore,EG Barnard,HW Podmore,0,0,,,,,,"",""
ball,2,55.2,Worcestershire,T Kohler-Cadmore,EG Barnard,HW Podmore,0,0,,,,,,"",""
ball,2,55.3,Worcestershire,T Kohler-Cadmore,EG Barnard,HW Podmore,1,0,,,,,,"",""
ball,2,55.4,Worcestershire,EG Barnard,T Kohler-Cadmore,HW Podmore,0,0,,,,,,"",""
ball,2,55.5,Worcestershire,EG Barnard,T Kohler-Cadmore,HW Podmore,0,0,,,,,,"",""
ball,2,55.6,Worcestershire,EG Barnard,T Kohler-Cadmore,HW Podmore,0,0,,,,,,"",""
ball,2,56.1,Worcestershire,T Kohler-Cadmore,EG Barnard,M de Lange,0,0,,,,,,"",""
ball,2,56.2,Worcestershire,T Kohler-Cadmore,EG Barnard,M de Lange,0,0,,,,,,"",""
ball,2,56.3,Worcestershire,T Kohler-Cadmore,EG Barnard,M de Lange,4,0,,,,,,"",""
ball,2,56.4,Worcestershire,T Kohler-Cadmore,EG Barnard,M de Lange,0,0,,,,,,"",""
ball,2,56.5,Worcestershire,T Kohler-Cadmore,EG Barnard,M de Lange,4,0,,,,,,"",""
ball,2,56.6,Worcestershire,T Kohler-Cadmore,EG Barnard,M de Lange,1,0,,,,,,"",""
ball,2,57.1,Worcestershire,T Kohler-Cadmore,EG Barnard,HW Podmore,0,0,,,,,,"",""
ball,2,57.2,Worcestershire,T Kohler-Cadmore,EG Barnard,HW Podmore,4,0,,,,,,"",""
ball,2,57.3,Worcestershire,T Kohler-Cadmore,EG Barnard,HW Podmore,0,0,,,,,,"",""
ball,2,57.4,Worcestershire,T Kohler-Cadmore,EG Barnard,HW Podmore,1,0,,,,,,"",""
ball,2,57.5,Worcestershire,EG Barnard,T Kohler-Cadmore,HW Podmore,0,0,,,,,,"",""
ball,2,57.6,Worcestershire,EG Barnard,T Kohler-Cadmore,HW Podmore,0,0,,,,,,"",""
ball,2,58.1,Worcestershire,T Kohler-Cadmore,EG Barnard,CA Ingram,1,0,,,,,,"",""
ball,2,58.2,Worcestershire,EG Barnard,T Kohler-Cadmore,CA Ingram,0,0,,,,,,"",""
ball,2,58.3,Worcestershire,EG Barnard,T Kohler-Cadmore,CA Ingram,0,0,,,,,,"",""
ball,2,58.4,Worcestershire,EG Barnard,T Kohler-Cadmore,CA Ingram,0,0,,,,,,"",""
ball,2,58.5,Worcestershire,EG Barnard,T Kohler-Cadmore,CA Ingram,1,0,,,,,,"",""
ball,2,58.6,Worcestershire,T Kohler-Cadmore,EG Barnard,CA Ingram,0,0,,,,,,"",""
ball,2,59.1,Worcestershire,EG Barnard,T Kohler-Cadmore,HW Podmore,4,0,,,,,,"",""
ball,2,59.2,Worcestershire,EG Barnard,T Kohler-Cadmore,HW Podmore,0,0,,,,,,"",""
ball,2,59.3,Worcestershire,EG Barnard,T Kohler-Cadmore,HW Podmore,1,0,,,,,,"",""
ball,2,59.4,Worcestershire,T Kohler-Cadmore,EG Barnard,HW Podmore,0,0,,,,,,"",""
ball,2,59.5,Worcestershire,T Kohler-Cadmore,EG Barnard,HW Podmore,0,0,,,,,,"",""
ball,2,59.6,Worcestershire,T Kohler-Cadmore,EG Barnard,HW Podmore,0,0,,,,,,"",""
ball,2,60.1,Worcestershire,EG Barnard,T Kohler-Cadmore,CA Ingram,0,0,,,,,,"",""
ball,2,60.2,Worcestershire,EG Barnard,T Kohler-Cadmore,CA Ingram,0,0,,,,,,"",""
ball,2,60.3,Worcestershire,EG Barnard,T Kohler-Cadmore,CA Ingram,0,0,,,,,,"",""
ball,2,60.4,Worcestershire,EG Barnard,T Kohler-Cadmore,CA Ingram,0,0,,,,,,"",""
ball,2,60.5,Worcestershire,EG Barnard,T Kohler-Cadmore,CA Ingram,0,0,,,,,,"",""
ball,2,60.6,Worcestershire,EG Barnard,T Kohler-Cadmore,CA Ingram,4,0,,,,,,"",""
ball,2,61.1,Worcestershire,T Kohler-Cadmore,EG Barnard,MG Hogan,0,0,,,,,,"",""
ball,2,61.2,Worcestershire,T Kohler-Cadmore,EG Barnard,MG Hogan,0,0,,,,,,"",""
ball,2,61.3,Worcestershire,T Kohler-Cadmore,EG Barnard,MG Hogan,0,0,,,,,,"",""
ball,2,61.4,Worcestershire,T Kohler-Cadmore,EG Barnard,MG Hogan,0,0,,,,,,"",""
ball,2,61.5,Worcestershire,T Kohler-Cadmore,EG Barnard,MG Hogan,0,0,,,,,,"",""
ball,2,61.6,Worcestershire,T Kohler-Cadmore,EG Barnard,MG Hogan,0,0,,,,,,"",""
ball,2,62.1,Worcestershire,EG Barnard,T Kohler-Cadmore,CA Ingram,1,0,,,,,,"",""
ball,2,62.2,Worcestershire,T Kohler-Cadmore,EG Barnard,CA Ingram,0,0,,,,,,"",""
ball,2,62.3,Worcestershire,T Kohler-Cadmore,EG Barnard,CA Ingram,1,0,,,,,,"",""
ball,2,62.4,Worcestershire,EG Barnard,T Kohler-Cadmore,CA Ingram,1,0,,,,,,"",""
ball,2,62.5,Worcestershire,T Kohler-Cadmore,EG Barnard,CA Ingram,0,0,,,,,,"",""
ball,2,62.6,Worcestershire,T Kohler-Cadmore,EG Barnard,CA Ingram,0,0,,,,,,"",""
ball,2,63.1,Worcestershire,EG Barnard,T Kohler-Cadmore,MG Hogan,0,0,,,,,,"",""
ball,2,63.2,Worcestershire,EG Barnard,T Kohler-Cadmore,MG Hogan,0,0,,,,,,"",""
ball,2,63.3,Worcestershire,EG Barnard,T Kohler-Cadmore,MG Hogan,0,0,,,,,,"",""
ball,2,63.4,Worcestershire,EG Barnard,T Kohler-Cadmore,MG Hogan,1,0,,,,,,"",""
ball,2,63.5,Worcestershire,T Kohler-Cadmore,EG Barnard,MG Hogan,4,0,,,,,,"",""
ball,2,63.6,Worcestershire,T Kohler-Cadmore,EG Barnard,MG Hogan,0,0,,,,,,caught,T Kohler-Cadmore
ball,2,64.1,Worcestershire,EG Barnard,J Leach,CA Ingram,0,0,,,,,,"",""
ball,2,64.2,Worcestershire,EG Barnard,J Leach,CA Ingram,1,0,,,,,,"",""
ball,2,64.3,Worcestershire,J Leach,EG Barnard,CA Ingram,1,0,,,,,,"",""
ball,2,64.4,Worcestershire,EG Barnard,J Leach,CA Ingram,4,0,,,,,,"",""
ball,2,64.5,Worcestershire,EG Barnard,J Leach,CA Ingram,0,0,,,,,,"",""
ball,2,64.6,Worcestershire,EG Barnard,J Leach,CA Ingram,0,0,,,,,,"",""
ball,2,65.1,Worcestershire,J Leach,EG Barnard,MG Hogan,0,0,,,,,,"",""
ball,2,65.2,Worcestershire,J Leach,EG Barnard,MG Hogan,4,0,,,,,,"",""
ball,2,65.3,Worcestershire,J Leach,EG Barnard,MG Hogan,0,0,,,,,,"",""
ball,2,65.4,Worcestershire,J Leach,EG Barnard,MG Hogan,0,0,,,,,,"",""
ball,2,65.5,Worcestershire,J Leach,EG Barnard,MG Hogan,0,0,,,,,,"",""
ball,2,65.6,Worcestershire,J Leach,EG Barnard,MG Hogan,0,0,,,,,,"",""
ball,2,66.1,Worcestershire,EG Barnard,J Leach,LJ Carey,0,0,,,,,,"",""
ball,2,66.2,Worcestershire,EG Barnard,J Leach,LJ Carey,0,0,,,,,,"",""
ball,2,66.3,Worcestershire,EG Barnard,J Leach,LJ Carey,0,0,,,,,,"",""
ball,2,66.4,Worcestershire,EG Barnard,J Leach,LJ Carey,1,0,,,,,,"",""
ball,2,66.5,Worcestershire,J Leach,EG Barnard,LJ Carey,0,0,,,,,,"",""
ball,2,66.6,Worcestershire,J Leach,EG Barnard,LJ Carey,1,0,,,,,,"",""
ball,2,67.1,Worcestershire,J Leach,EG Barnard,M de Lange,1,0,,,,,,"",""
ball,2,67.2,Worcestershire,EG Barnard,J Leach,M de Lange,0,0,,,,,,"",""
ball,2,67.3,Worcestershire,EG Barnard,J Leach,M de Lange,0,0,,,,,,"",""
ball,2,67.4,Worcestershire,EG Barnard,J Leach,M de Lange,0,0,,,,,,"",""
ball,2,67.5,Worcestershire,EG Barnard,J Leach,M de Lange,1,0,,,,,,"",""
ball,2,67.6,Worcestershire,J Leach,EG Barnard,M de Lange,1,0,,,,,,"",""
ball,2,68.1,Worcestershire,J Leach,EG Barnard,LJ Carey,0,0,,,,,,"",""
ball,2,68.2,Worcestershire,J Leach,EG Barnard,LJ Carey,0,0,,,,,,"",""
ball,2,68.3,Worcestershire,J Leach,EG Barnard,LJ Carey,1,0,,,,,,"",""
ball,2,68.4,Worcestershire,EG Barnard,J Leach,LJ Carey,0,0,,,,,,"",""
ball,2,68.5,Worcestershire,EG Barnard,J Leach,LJ Carey,0,0,,,,,,"",""
ball,2,68.6,Worcestershire,EG Barnard,J Leach,LJ Carey,0,0,,,,,,"",""
ball,2,69.1,Worcestershire,J Leach,EG Barnard,M de Lange,0,0,,,,,,"",""
ball,2,69.2,Worcestershire,J Leach,EG Barnard,M de Lange,0,0,,,,,,"",""
ball,2,69.3,Worcestershire,J Leach,EG Barnard,M de Lange,1,0,,,,,,"",""
ball,2,69.4,Worcestershire,EG Barnard,J Leach,M de Lange,0,0,,,,,,"",""
ball,2,69.5,Worcestershire,EG Barnard,J Leach,M de Lange,1,0,,,,,,"",""
ball,2,69.6,Worcestershire,J Leach,EG Barnard,M de Lange,0,0,,,,,,"",""
ball,2,70.1,Worcestershire,EG Barnard,J Leach,LJ Carey,1,0,,,,,,"",""
ball,2,70.2,Worcestershire,J Leach,EG Barnard,LJ Carey,0,0,,,,,,caught,J Leach
ball,2,70.3,Worcestershire,JW Hastings,EG Barnard,LJ Carey,0,0,,,,,,"",""
ball,2,70.4,Worcestershire,JW Hastings,EG Barnard,LJ Carey,0,0,,,,,,"",""
ball,2,70.5,Worcestershire,JW Hastings,EG Barnard,LJ Carey,1,0,,,,,,"",""
ball,2,70.6,Worcestershire,EG Barnard,JW Hastings,LJ Carey,0,0,,,,,,"",""
ball,2,71.1,Worcestershire,JW Hastings,EG Barnard,MG Hogan,2,0,,,,,,"",""
ball,2,71.2,Worcestershire,JW Hastings,EG Barnard,MG Hogan,4,0,,,,,,"",""
ball,2,71.3,Worcestershire,JW Hastings,EG Barnard,MG Hogan,0,0,,,,,,"",""
ball,2,71.4,Worcestershire,JW Hastings,EG Barnard,MG Hogan,1,0,,,,,,"",""
ball,2,71.5,Worcestershire,EG Barnard,JW Hastings,MG Hogan,0,0,,,,,,"",""
ball,2,71.6,Worcestershire,EG Barnard,JW Hastings,MG Hogan,4,0,,,,,,"",""
ball,2,72.1,Worcestershire,JW Hastings,EG Barnard,LJ Carey,0,0,,,,,,"",""
ball,2,72.2,Worcestershire,JW Hastings,EG Barnard,LJ Carey,0,0,,,,,,"",""
ball,2,72.3,Worcestershire,JW Hastings,EG Barnard,LJ Carey,4,0,,,,,,"",""
ball,2,72.4,Worcestershire,JW Hastings,EG Barnard,LJ Carey,1,0,,,,,,"",""
ball,2,72.5,Worcestershire,EG Barnard,JW Hastings,LJ Carey,1,0,,,,,,"",""
ball,2,72.6,Worcestershire,EG Barnard,JW Hastings,LJ Carey,0,0,,,,,,"",""
ball,2,73.1,Worcestershire,EG Barnard,JW Hastings,MG Hogan,0,0,,,,,,"",""
ball,2,73.2,Worcestershire,EG Barnard,JW Hastings,MG Hogan,0,0,,,,,,"",""
ball,2,73.3,Worcestershire,EG Barnard,JW Hastings,MG Hogan,0,0,,,,,,"",""
ball,2,73.4,Worcestershire,EG Barnard,JW Hastings,MG Hogan,0,0,,,,,,"",""
ball,2,73.5,Worcestershire,EG Barnard,JW Hastings,MG Hogan,1,0,,,,,,"",""
ball,2,73.6,Worcestershire,JW Hastings,EG Barnard,MG Hogan,0,0,,,,,,"",""
ball,2,74.1,Worcestershire,EG Barnard,JW Hastings,M de Lange,1,0,,,,,,"",""
ball,2,74.2,Worcestershire,JW Hastings,EG Barnard,M de Lange,0,0,,,,,,"",""
ball,2,74.3,Worcestershire,JW Hastings,EG Barnard,M de Lange,1,0,,,,,,"",""
ball,2,74.4,Worcestershire,EG Barnard,JW Hastings,M de Lange,0,0,,,,,,"",""
ball,2,74.5,Worcestershire,EG Barnard,JW Hastings,M de Lange,0,0,,,,,,"",""
ball,2,74.6,Worcestershire,EG Barnard,JW Hastings,M de Lange,0,0,,,,,,"",""
ball,2,75.1,Worcestershire,JW Hastings,EG Barnard,HW Podmore,0,0,,,,,,"",""
ball,2,75.2,Worcestershire,JW Hastings,EG Barnard,HW Podmore,0,0,,,,,,"",""
ball,2,75.3,Worcestershire,JW Hastings,EG Barnard,HW Podmore,1,0,,,,,,"",""
ball,2,75.4,Worcestershire,EG Barnard,JW Hastings,HW Podmore,0,0,,,,,,"",""
ball,2,75.5,Worcestershire,EG Barnard,JW Hastings,HW Podmore,0,0,,,,,,"",""
ball,2,75.6,Worcestershire,EG Barnard,JW Hastings,HW Podmore,1,0,,,,,,"",""
ball,2,76.1,Worcestershire,EG Barnard,JW Hastings,M de Lange,0,2,,2,,,,"",""
ball,2,76.2,Worcestershire,EG Barnard,JW Hastings,M de Lange,1,0,,,,,,"",""
ball,2,76.3,Worcestershire,JW Hastings,EG Barnard,M de Lange,0,0,,,,,,"",""
ball,2,76.4,Worcestershire,JW Hastings,EG Barnard,M de Lange,4,0,,,,,,"",""
ball,2,76.5,Worcestershire,JW Hastings,EG Barnard,M de Lange,0,0,,,,,,"",""
ball,2,76.6,Worcestershire,JW Hastings,EG Barnard,M de Lange,1,0,,,,,,"",""
ball,2,76.7,Worcestershire,EG Barnard,JW Hastings,M de Lange,0,4,,,4,,,"",""
ball,2,77.1,Worcestershire,JW Hastings,EG Barnard,HW Podmore,0,0,,,,,,"",""
ball,2,77.2,Worcestershire,JW Hastings,EG Barnard,HW Podmore,0,0,,,,,,"",""
ball,2,77.3,Worcestershire,JW Hastings,EG Barnard,HW Podmore,0,0,,,,,,"",""
ball,2,77.4,Worcestershire,JW Hastings,EG Barnard,HW Podmore,2,0,,,,,,"",""
ball,2,77.5,Worcestershire,JW Hastings,EG Barnard,HW Podmore,0,0,,,,,,"",""
ball,2,77.6,Worcestershire,JW Hastings,EG Barnard,HW Podmore,0,0,,,,,,"",""
ball,2,78.1,Worcestershire,EG Barnard,JW Hastings,M de Lange,0,0,,,,,,"",""
ball,2,78.2,Worcestershire,EG Barnard,JW Hastings,M de Lange,0,0,,,,,,"",""
ball,2,78.3,Worcestershire,EG Barnard,JW Hastings,M de Lange,1,0,,,,,,"",""
ball,2,78.4,Worcestershire,JW Hastings,EG Barnard,M de Lange,0,0,,,,,,"",""
ball,2,78.5,Worcestershire,JW Hastings,EG Barnard,M de Lange,1,0,,,,,,"",""
ball,2,78.6,Worcestershire,EG Barnard,JW Hastings,M de Lange,1,0,,,,,,"",""
ball,2,79.1,Worcestershire,EG Barnard,JW Hastings,HW Podmore,0,0,,,,,,"",""
ball,2,79.2,Worcestershire,EG Barnard,JW Hastings,HW Podmore,0,0,,,,,,"",""
ball,2,79.3,Worcestershire,EG Barnard,JW Hastings,HW Podmore,0,0,,,,,,"",""
ball,2,79.4,Worcestershire,EG Barnard,JW Hastings,HW Podmore,0,0,,,,,,"",""
ball,2,79.5,Worcestershire,EG Barnard,JW Hastings,HW Podmore,1,0,,,,,,"",""
ball,2,79.6,Worcestershire,JW Hastings,EG Barnard,HW Podmore,0,0,,,,,,"",""
ball,2,80.1,Worcestershire,EG Barnard,JW Hastings,M de Lange,0,2,,2,,,,"",""
ball,2,80.2,Worcestershire,EG Barnard,JW Hastings,M de Lange,0,0,,,,,,"",""
ball,2,80.3,Worcestershire,EG Barnard,JW Hastings,M de Lange,1,0,,,,,,"",""
ball,2,80.4,Worcestershire,JW Hastings,EG Barnard,M de Lange,0,0,,,,,,"",""
ball,2,80.5,Worcestershire,JW Hastings,EG Barnard,M de Lange,1,2,,2,,,,"",""
ball,2,80.6,Worcestershire,EG Barnard,JW Hastings,M de Lange,0,0,,,,,,"",""
ball,2,80.7,Worcestershire,EG Barnard,JW Hastings,M de Lange,0,0,,,,,,"",""
ball,2,80.8,Worcestershire,EG Barnard,JW Hastings,M de Lange,0,0,,,,,,lbw,EG Barnard
ball,2,81.1,Worcestershire,JW Hastings,JC Tongue,MG Hogan,0,1,,,,1,,"",""
ball,2,81.2,Worcestershire,JC Tongue,JW Hastings,MG Hogan,0,0,,,,,,"",""
ball,2,81.3,Worcestershire,JC Tongue,JW Hastings,MG Hogan,2,0,,,,,,"",""
ball,2,81.4,Worcestershire,JC Tongue,JW Hastings,MG Hogan,0,0,,,,,,"",""
ball,2,81.5,Worcestershire,JC Tongue,JW Hastings,MG Hogan,0,0,,,,,,"",""
ball,2,81.6,Worcestershire,JC Tongue,JW Hastings,MG Hogan,0,0,,,,,,"",""
ball,2,82.1,Worcestershire,JW Hastings,JC Tongue,M de Lange,0,0,,,,,,"",""
ball,2,82.2,Worcestershire,JW Hastings,JC Tongue,M de Lange,1,2,,2,,,,"",""
ball,2,82.3,Worcestershire,JC Tongue,JW Hastings,M de Lange,0,0,,,,,,"",""
ball,2,82.4,Worcestershire,JC Tongue,JW Hastings,M de Lange,0,0,,,,,,"",""
ball,2,82.5,Worcestershire,JC Tongue,JW Hastings,M de Lange,0,0,,,,,,"",""
ball,2,82.6,Worcestershire,JC Tongue,JW Hastings,M de Lange,0,0,,,,,,"",""
ball,2,82.7,Worcestershire,JC Tongue,JW Hastings,M de Lange,0,0,,,,,,"",""
ball,2,83.1,Worcestershire,JW Hastings,JC Tongue,MG Hogan,1,0,,,,,,"",""
ball,2,83.2,Worcestershire,JC Tongue,JW Hastings,MG Hogan,4,0,,,,,,"",""
ball,2,83.3,Worcestershire,JC Tongue,JW Hastings,MG Hogan,0,0,,,,,,"",""
ball,2,83.4,Worcestershire,JC Tongue,JW Hastings,MG Hogan,0,0,,,,,,"",""
ball,2,83.5,Worcestershire,JC Tongue,JW Hastings,MG Hogan,0,0,,,,,,"",""
ball,2,83.6,Worcestershire,JC Tongue,JW Hastings,MG Hogan,0,0,,,,,,"",""
ball,2,84.1,Worcestershire,JW Hastings,JC Tongue,M de Lange,0,0,,,,,,"",""
ball,2,84.2,Worcestershire,JW Hastings,JC Tongue,M de Lange,0,0,,,,,,"",""
ball,2,84.3,Worcestershire,JW Hastings,JC Tongue,M de Lange,0,0,,,,,,"",""
ball,2,84.4,Worcestershire,JW Hastings,JC Tongue,M de Lange,1,0,,,,,,"",""
ball,2,84.5,Worcestershire,JC Tongue,JW Hastings,M de Lange,0,0,,,,,,"",""
ball,2,84.6,Worcestershire,JC Tongue,JW Hastings,M de Lange,0,0,,,,,,"",""
ball,2,85.1,Worcestershire,JW Hastings,JC Tongue,MG Hogan,0,0,,,,,,"",""
ball,2,85.2,Worcestershire,JW Hastings,JC Tongue,MG Hogan,0,0,,,,,,"",""
ball,2,85.3,Worcestershire,JW Hastings,JC Tongue,MG Hogan,0,0,,,,,,"",""
ball,2,85.4,Worcestershire,JW Hastings,JC Tongue,MG Hogan,4,0,,,,,,"",""
ball,2,85.5,Worcestershire,JW Hastings,JC Tongue,MG Hogan,0,0,,,,,,"",""
ball,2,85.6,Worcestershire,JW Hastings,JC Tongue,MG Hogan,1,0,,,,,,"",""
ball,2,86.1,Worcestershire,JW Hastings,JC Tongue,LJ Carey,4,0,,,,,,"",""
ball,2,86.2,Worcestershire,JW Hastings,JC Tongue,LJ Carey,0,0,,,,,,"",""
ball,2,86.3,Worcestershire,JW Hastings,JC Tongue,LJ Carey,0,0,,,,,,"",""
ball,2,86.4,Worcestershire,JW Hastings,JC Tongue,LJ Carey,1,0,,,,,,"",""
ball,2,86.5,Worcestershire,JC Tongue,JW Hastings,LJ Carey,0,0,,,,,,"",""
ball,2,86.6,Worcestershire,JC Tongue,JW Hastings,LJ Carey,0,0,,,,,,"",""
ball,2,87.1,Worcestershire,JW Hastings,JC Tongue,MG Hogan,0,0,,,,,,run out,JC Tongue
ball,2,87.2,Worcestershire,JD Shantry,JW Hastings,MG Hogan,1,0,,,,,,"",""
ball,2,87.3,Worcestershire,JW Hastings,JD Shantry,MG Hogan,0,0,,,,,,"",""
ball,2,87.4,Worcestershire,JW Hastings,JD Shantry,MG Hogan,0,0,,,,,,"",""
ball,2,87.5,Worcestershire,JW Hastings,JD Shantry,MG Hogan,0,0,,,,,,"",""
ball,2,87.6,Worcestershire,JW Hastings,JD Shantry,MG Hogan,2,0,,,,,,"",""
ball,2,88.1,Worcestershire,JD Shantry,JW Hastings,LJ Carey,0,0,,,,,,"",""
ball,2,88.2,Worcestershire,JD Shantry,JW Hastings,LJ Carey,0,0,,,,,,"",""
ball,2,88.3,Worcestershire,JD Shantry,JW Hastings,LJ Carey,1,0,,,,,,"",""
ball,2,88.4,Worcestershire,JW Hastings,JD Shantry,LJ Carey,0,0,,,,,,"",""
ball,2,88.5,Worcestershire,JW Hastings,JD Shantry,LJ Carey,1,0,,,,,,"",""
ball,2,88.6,Worcestershire,JD Shantry,JW Hastings,LJ Carey,0,0,,,,,,"",""
ball,2,89.1,Worcestershire,JW Hastings,JD Shantry,MG Hogan,0,0,,,,,,"",""
ball,2,89.2,Worcestershire,JW Hastings,JD Shantry,MG Hogan,0,0,,,,,,"",""
ball,2,89.3,Worcestershire,JW Hastings,JD Shantry,MG Hogan,0,0,,,,,,"",""
ball,2,89.4,Worcestershire,JW Hastings,JD Shantry,MG Hogan,0,0,,,,,,"",""
ball,2,89.5,Worcestershire,JW Hastings,JD Shantry,MG Hogan,4,0,,,,,,"",""
ball,2,89.6,Worcestershire,JW Hastings,JD Shantry,MG Hogan,0,0,,,,,,"",""
ball,2,90.1,Worcestershire,JD Shantry,JW Hastings,LJ Carey,0,0,,,,,,"",""
ball,2,90.2,Worcestershire,JD Shantry,JW Hastings,LJ Carey,0,0,,,,,,"",""
ball,2,90.3,Worcestershire,JD Shantry,JW Hastings,LJ Carey,0,0,,,,,,"",""
ball,2,90.4,Worcestershire,JD Shantry,JW Hastings,LJ Carey,0,0,,,,,,"",""
ball,2,90.5,Worcestershire,JD Shantry,JW Hastings,LJ Carey,0,2,,,,2,,"",""
ball,2,90.6,Worcestershire,JD Shantry,JW Hastings,LJ Carey,0,0,,,,,,"",""
ball,2,91.1,Worcestershire,JW Hastings,JD Shantry,HW Podmore,4,0,,,,,,"",""
ball,2,91.2,Worcestershire,JW Hastings,JD Shantry,HW Podmore,0,0,,,,,,"",""
ball,2,91.3,Worcestershire,JW Hastings,JD Shantry,HW Podmore,1,0,,,,,,"",""
ball,2,91.4,Worcestershire,JD Shantry,JW Hastings,HW Podmore,0,0,,,,,,"",""
ball,2,91.5,Worcestershire,JD Shantry,JW Hastings,HW Podmore,0,0,,,,,,"",""
ball,2,91.6,Worcestershire,JD Shantry,JW Hastings,HW Podmore,0,0,,,,,,"",""
ball,2,92.1,Worcestershire,JW Hastings,JD Shantry,LJ Carey,1,0,,,,,,"",""
ball,2,92.2,Worcestershire,JD Shantry,JW Hastings,LJ Carey,0,0,,,,,,"",""
ball,2,92.3,Worcestershire,JD Shantry,JW Hastings,LJ Carey,1,0,,,,,,"",""
ball,2,92.4,Worcestershire,JW Hastings,JD Shantry,LJ Carey,1,0,,,,,,"",""
ball,2,92.5,Worcestershire,JD Shantry,JW Hastings,LJ Carey,4,0,,,,,,"",""
ball,2,92.6,Worcestershire,JD Shantry,JW Hastings,LJ Carey,1,0,,,,,,"",""
ball,2,93.1,Worcestershire,JD Shantry,JW Hastings,HW Podmore,4,0,,,,,,"",""
ball,2,93.2,Worcestershire,JD Shantry,JW Hastings,HW Podmore,0,0,,,,,,"",""
ball,2,93.3,Worcestershire,JD Shantry,JW Hastings,HW Podmore,4,0,,,,,,"",""
ball,2,93.4,Worcestershire,JD Shantry,JW Hastings,HW Podmore,0,0,,,,,,"",""
ball,2,93.5,Worcestershire,JD Shantry,JW Hastings,HW Podmore,0,0,,,,,,"",""
ball,2,93.6,Worcestershire,JD Shantry,JW Hastings,HW Podmore,0,0,,,,,,"",""
ball,2,94.1,Worcestershire,JW Hastings,JD Shantry,M de Lange,0,0,,,,,,caught,JW Hastings
ball,3,0.1,Glamorgan,JA Rudolph,NJ Selman,J Leach,0,0,,,,,,"",""
ball,3,0.2,Glamorgan,JA Rudolph,NJ Selman,J Leach,0,0,,,,,,"",""
ball,3,0.3,Glamorgan,JA Rudolph,NJ Selman,J Leach,0,0,,,,,,"",""
ball,3,0.4,Glamorgan,JA Rudolph,NJ Selman,J Leach,4,0,,,,,,"",""
ball,3,0.5,Glamorgan,JA Rudolph,NJ Selman,J Leach,0,0,,,,,,"",""
ball,3,0.6,Glamorgan,JA Rudolph,NJ Selman,J Leach,0,0,,,,,,"",""
ball,3,1.1,Glamorgan,NJ Selman,JA Rudolph,JW Hastings,0,0,,,,,,"",""
ball,3,1.2,Glamorgan,NJ Selman,JA Rudolph,JW Hastings,0,0,,,,,,"",""
ball,3,1.3,Glamorgan,NJ Selman,JA Rudolph,JW Hastings,1,0,,,,,,"",""
ball,3,1.4,Glamorgan,JA Rudolph,NJ Selman,JW Hastings,0,0,,,,,,"",""
ball,3,1.5,Glamorgan,JA Rudolph,NJ Selman,JW Hastings,0,0,,,,,,"",""
ball,3,1.6,Glamorgan,JA Rudolph,NJ Selman,JW Hastings,0,0,,,,,,"",""
ball,3,2.1,Glamorgan,NJ Selman,JA Rudolph,J Leach,4,0,,,,,,"",""
ball,3,2.2,Glamorgan,NJ Selman,JA Rudolph,J Leach,0,0,,,,,,"",""
ball,3,2.3,Glamorgan,NJ Selman,JA Rudolph,J Leach,0,0,,,,,,"",""
ball,3,2.4,Glamorgan,NJ Selman,JA Rudolph,J Leach,1,0,,,,,,"",""
ball,3,2.5,Glamorgan,JA Rudolph,NJ Selman,J Leach,0,0,,,,,,"",""
ball,3,2.6,Glamorgan,JA Rudolph,NJ Selman,J Leach,0,0,,,,,,"",""
ball,3,3.1,Glamorgan,NJ Selman,JA Rudolph,JW Hastings,0,0,,,,,,"",""
ball,3,3.2,Glamorgan,NJ Selman,JA Rudolph,JW Hastings,0,0,,,,,,"",""
ball,3,3.3,Glamorgan,NJ Selman,JA Rudolph,JW Hastings,0,0,,,,,,"",""
ball,3,3.4,Glamorgan,NJ Selman,JA Rudolph,JW Hastings,0,0,,,,,,"",""
ball,3,3.5,Glamorgan,NJ Selman,JA Rudolph,JW Hastings,0,0,,,,,,"",""
ball,3,3.6,Glamorgan,NJ Selman,JA Rudolph,JW Hastings,0,0,,,,,,"",""
ball,3,4.1,Glamorgan,JA Rudolph,NJ Selman,J Leach,0,0,,,,,,"",""
ball,3,4.2,Glamorgan,JA Rudolph,NJ Selman,J Leach,4,0,,,,,,"",""
ball,3,4.3,Glamorgan,JA Rudolph,NJ Selman,J Leach,4,0,,,,,,"",""
ball,3,4.4,Glamorgan,JA Rudolph,NJ Selman,J Leach,0,0,,,,,,"",""
ball,3,4.5,Glamorgan,JA Rudolph,NJ Selman,J Leach,0,0,,,,,,"",""
ball,3,4.6,Glamorgan,JA Rudolph,NJ Selman,J Leach,0,2,,2,,,,"",""
ball,3,4.7,Glamorgan,JA Rudolph,NJ Selman,J Leach,0,0,,,,,,"",""
ball,3,5.1,Glamorgan,NJ Selman,JA Rudolph,JW Hastings,0,0,,,,,,"",""
ball,3,5.2,Glamorgan,NJ Selman,JA Rudolph,JW Hastings,0,0,,,,,,"",""
ball,3,5.3,Glamorgan,NJ Selman,JA Rudolph,JW Hastings,0,0,,,,,,"",""
ball,3,5.4,Glamorgan,NJ Selman,JA Rudolph,JW Hastings,0,0,,,,,,"",""
ball,3,5.5,Glamorgan,NJ Selman,JA Rudolph,JW Hastings,0,0,,,,,,"",""
ball,3,5.6,Glamorgan,NJ Selman,JA Rudolph,JW Hastings,0,0,,,,,,"",""
ball,3,6.1,Glamorgan,JA Rudolph,NJ Selman,J Leach,0,0,,,,,,"",""
ball,3,6.2,Glamorgan,JA Rudolph,NJ Selman,J Leach,0,0,,,,,,"",""
ball,3,6.3,Glamorgan,JA Rudolph,NJ Selman,J Leach,4,0,,,,,,"",""
ball,3,6.4,Glamorgan,JA Rudolph,NJ Selman,J Leach,0,0,,,,,,"",""
ball,3,6.5,Glamorgan,JA Rudolph,NJ Selman,J Leach,0,0,,,,,,"",""
ball,3,6.6,Glamorgan,JA Rudolph,NJ Selman,J Leach,0,0,,,,,,"",""
ball,3,7.1,Glamorgan,NJ Selman,JA Rudolph,JW Hastings,0,0,,,,,,"",""
ball,3,7.2,Glamorgan,NJ Selman,JA Rudolph,JW Hastings,0,0,,,,,,"",""
ball,3,7.3,Glamorgan,NJ Selman,JA Rudolph,JW Hastings,0,0,,,,,,"",""
ball,3,7.4,Glamorgan,NJ Selman,JA Rudolph,JW Hastings,2,0,,,,,,"",""
ball,3,7.5,Glamorgan,NJ Selman,JA Rudolph,JW Hastings,0,0,,,,,,"",""
ball,3,7.6,Glamorgan,NJ Selman,JA Rudolph,JW Hastings,0,0,,,,,,"",""
ball,3,8.1,Glamorgan,JA Rudolph,NJ Selman,JD Shantry,0,0,,,,,,"",""
ball,3,8.2,Glamorgan,JA Rudolph,NJ Selman,JD Shantry,0,0,,,,,,"",""
ball,3,8.3,Glamorgan,JA Rudolph,NJ Selman,JD Shantry,0,0,,,,,,"",""
ball,3,8.4,Glamorgan,JA Rudolph,NJ Selman,JD Shantry,0,0,,,,,,"",""
ball,3,8.5,Glamorgan,JA Rudolph,NJ Selman,JD Shantry,0,0,,,,,,"",""
ball,3,8.6,Glamorgan,JA Rudolph,NJ Selman,JD Shantry,0,0,,,,,,"",""
ball,3,9.1,Glamorgan,NJ Selman,JA Rudolph,JW Hastings,0,0,,,,,,"",""
ball,3,9.2,Glamorgan,NJ Selman,JA Rudolph,JW Hastings,0,0,,,,,,"",""
ball,3,9.3,Glamorgan,NJ Selman,JA Rudolph,JW Hastings,0,0,,,,,,"",""
ball,3,9.4,Glamorgan,NJ Selman,JA Rudolph,JW Hastings,1,0,,,,,,"",""
ball,3,9.5,Glamorgan,JA Rudolph,NJ Selman,JW Hastings,0,0,,,,,,"",""
ball,3,9.6,Glamorgan,JA Rudolph,NJ Selman,JW Hastings,0,0,,,,,,"",""
ball,3,10.1,Glamorgan,NJ Selman,JA Rudolph,JD Shantry,2,0,,,,,,"",""
ball,3,10.2,Glamorgan,NJ Selman,JA Rudolph,JD Shantry,0,0,,,,,,"",""
ball,3,10.3,Glamorgan,NJ Selman,JA Rudolph,JD Shantry,0,0,,,,,,"",""
ball,3,10.4,Glamorgan,NJ Selman,JA Rudolph,JD Shantry,0,0,,,,,,"",""
ball,3,10.5,Glamorgan,NJ Selman,JA Rudolph,JD Shantry,0,0,,,,,,"",""
ball,3,10.6,Glamorgan,NJ Selman,JA Rudolph,JD Shantry,0,0,,,,,,"",""
ball,3,11.1,Glamorgan,JA Rudolph,NJ Selman,JW Hastings,0,0,,,,,,"",""
ball,3,11.2,Glamorgan,JA Rudolph,NJ Selman,JW Hastings,0,0,,,,,,"",""
ball,3,11.3,Glamorgan,JA Rudolph,NJ Selman,JW Hastings,0,0,,,,,,"",""
ball,3,11.4,Glamorgan,JA Rudolph,NJ Selman,JW Hastings,0,0,,,,,,"",""
ball,3,11.5,Glamorgan,JA Rudolph,NJ Selman,JW Hastings,0,2,,2,,,,"",""
ball,3,11.6,Glamorgan,JA Rudolph,NJ Selman,JW Hastings,0,2,,2,,,,"",""
ball,3,11.7,Glamorgan,JA Rudolph,NJ Selman,JW Hastings,0,0,,,,,,"",""
ball,3,11.8,Glamorgan,JA Rudolph,NJ Selman,JW Hastings,0,0,,,,,,"",""
ball,3,12.1,Glamorgan,NJ Selman,JA Rudolph,JD Shantry,0,0,,,,,,"",""
ball,3,12.2,Glamorgan,NJ Selman,JA Rudolph,JD Shantry,0,0,,,,,,"",""
ball,3,12.3,Glamorgan,NJ Selman,JA Rudolph,JD Shantry,0,0,,,,,,"",""
ball,3,12.4,Glamorgan,NJ Selman,JA Rudolph,JD Shantry,1,0,,,,,,"",""
ball,3,12.5,Glamorgan,JA Rudolph,NJ Selman,JD Shantry,0,0,,,,,,"",""
ball,3,12.6,Glamorgan,JA Rudolph,NJ Selman,JD Shantry,0,0,,,,,,"",""
ball,3,13.1,Glamorgan,NJ Selman,JA Rudolph,JW Hastings,4,0,,,,,,"",""
ball,3,13.2,Glamorgan,NJ Selman,JA Rudolph,JW Hastings,1,0,,,,,,"",""
ball,3,13.3,Glamorgan,JA Rudolph,NJ Selman,JW Hastings,0,0,,,,,,"",""
ball,3,13.4,Glamorgan,JA Rudolph,NJ Selman,JW Hastings,0,0,,,,,,"",""
ball,3,13.5,Glamorgan,JA Rudolph,NJ Selman,JW Hastings,1,0,,,,,,"",""
ball,3,13.6,Glamorgan,NJ Selman,JA Rudolph,JW Hastings,1,0,,,,,,"",""
ball,3,14.1,Glamorgan,NJ Selman,JA Rudolph,JD Shantry,0,0,,,,,,"",""
ball,3,14.2,Glamorgan,NJ Selman,JA Rudolph,JD Shantry,3,0,,,,,,"",""
ball,3,14.3,Glamorgan,JA Rudolph,NJ Selman,JD Shantry,0,0,,,,,,"",""
ball,3,14.4,Glamorgan,JA Rudolph,NJ Selman,JD Shantry,0,0,,,,,,"",""
ball,3,14.5,Glamorgan,JA Rudolph,NJ Selman,JD Shantry,0,0,,,,,,"",""
ball,3,14.6,Glamorgan,JA Rudolph,NJ Selman,JD Shantry,3,0,,,,,,"",""
ball,3,15.1,Glamorgan,JA Rudolph,NJ Selman,EG Barnard,0,0,,,,,,"",""
ball,3,15.2,Glamorgan,JA Rudolph,NJ Selman,EG Barnard,0,0,,,,,,"",""
ball,3,15.3,Glamorgan,JA Rudolph,NJ Selman,EG Barnard,0,0,,,,,,"",""
ball,3,15.4,Glamorgan,JA Rudolph,NJ Selman,EG Barnard,0,0,,,,,,"",""
ball,3,15.5,Glamorgan,JA Rudolph,NJ Selman,EG Barnard,0,0,,,,,,"",""
ball,3,15.6,Glamorgan,JA Rudolph,NJ Selman,EG Barnard,0,0,,,,,,"",""
ball,3,16.1,Glamorgan,NJ Selman,JA Rudolph,JD Shantry,0,0,,,,,,"",""
ball,3,16.2,Glamorgan,NJ Selman,JA Rudolph,JD Shantry,0,0,,,,,,"",""
ball,3,16.3,Glamorgan,NJ Selman,JA Rudolph,JD Shantry,0,0,,,,,,"",""
ball,3,16.4,Glamorgan,NJ Selman,JA Rudolph,JD Shantry,4,0,,,,,,"",""
ball,3,16.5,Glamorgan,NJ Selman,JA Rudolph,JD Shantry,0,0,,,,,,"",""
ball,3,16.6,Glamorgan,NJ Selman,JA Rudolph,JD Shantry,0,0,,,,,,"",""
ball,3,17.1,Glamorgan,JA Rudolph,NJ Selman,EG Barnard,0,0,,,,,,"",""
ball,3,17.2,Glamorgan,JA Rudolph,NJ Selman,EG Barnard,0,0,,,,,,"",""
ball,3,17.3,Glamorgan,JA Rudolph,NJ Selman,EG Barnard,0,0,,,,,,"",""
ball,3,17.4,Glamorgan,JA Rudolph,NJ Selman,EG Barnard,2,0,,,,,,"",""
ball,3,17.5,Glamorgan,JA Rudolph,NJ Selman,EG Barnard,0,0,,,,,,"",""
ball,3,17.6,Glamorgan,JA Rudolph,NJ Selman,EG Barnard,0,0,,,,,,"",""
ball,3,18.1,Glamorgan,NJ Selman,JA Rudolph,JD Shantry,0,0,,,,,,"",""
ball,3,18.2,Glamorgan,NJ Selman,JA Rudolph,JD Shantry,1,0,,,,,,"",""
ball,3,18.3,Glamorgan,JA Rudolph,NJ Selman,JD Shantry,0,0,,,,,,"",""
ball,3,18.4,Glamorgan,JA Rudolph,NJ Selman,JD Shantry,0,0,,,,,,"",""
ball,3,18.5,Glamorgan,JA Rudolph,NJ Selman,JD Shantry,0,0,,,,,,"",""
ball,3,18.6,Glamorgan,JA Rudolph,NJ Selman,JD Shantry,0,0,,,,,,"",""
ball,3,19.1,Glamorgan,NJ Selman,JA Rudolph,EG Barnard,0,0,,,,,,"",""
ball,3,19.2,Glamorgan,NJ Selman,JA Rudolph,EG Barnard,0,0,,,,,,"",""
ball,3,19.3,Glamorgan,NJ Selman,JA Rudolph,EG Barnard,0,0,,,,,,"",""
ball,3,19.4,Glamorgan,NJ Selman,JA Rudolph,EG Barnard,0,0,,,,,,"",""
ball,3,19.5,Glamorgan,NJ Selman,JA Rudolph,EG Barnard,0,0,,,,,,"",""
ball,3,19.6,Glamorgan,NJ Selman,JA Rudolph,EG Barnard,1,0,,,,,,"",""
ball,3,20.1,Glamorgan,NJ Selman,JA Rudolph,JD Shantry,1,0,,,,,,"",""
ball,3,20.2,Glamorgan,JA Rudolph,NJ Selman,JD Shantry,0,0,,,,,,"",""
ball,3,20.3,Glamorgan,JA Rudolph,NJ Selman,JD Shantry,0,0,,,,,,"",""
ball,3,20.4,Glamorgan,JA Rudolph,NJ Selman,JD Shantry,0,0,,,,,,"",""
ball,3,20.5,Glamorgan,JA Rudolph,NJ Selman,JD Shantry,1,0,,,,,,"",""
ball,3,20.6,Glamorgan,NJ Selman,JA Rudolph,JD Shantry,0,0,,,,,,"",""
ball,3,21.1,Glamorgan,JA Rudolph,NJ Selman,EG Barnard,4,0,,,,,,"",""
ball,3,21.2,Glamorgan,JA Rudolph,NJ Selman,EG Barnard,0,0,,,,,,"",""
ball,3,21.3,Glamorgan,JA Rudolph,NJ Selman,EG Barnard,0,0,,,,,,"",""
ball,3,21.4,Glamorgan,JA Rudolph,NJ Selman,EG Barnard,0,0,,,,,,"",""
ball,3,21.5,Glamorgan,JA Rudolph,NJ Selman,EG Barnard,0,0,,,,,,"",""
ball,3,21.6,Glamorgan,JA Rudolph,NJ Selman,EG Barnard,0,0,,,,,,"",""
ball,3,22.1,Glamorgan,NJ Selman,JA Rudolph,JC Tongue,4,0,,,,,,"",""
ball,3,22.2,Glamorgan,NJ Selman,JA Rudolph,JC Tongue,1,0,,,,,,"",""
ball,3,22.3,Glamorgan,JA Rudolph,NJ Selman,JC Tongue,0,0,,,,,,"",""
ball,3,22.4,Glamorgan,JA Rudolph,NJ Selman,JC Tongue,0,0,,,,,,"",""
ball,3,22.5,Glamorgan,JA Rudolph,NJ Selman,JC Tongue,1,0,,,,,,"",""
ball,3,22.6,Glamorgan,NJ Selman,JA Rudolph,JC Tongue,0,0,,,,,,"",""
ball,3,23.1,Glamorgan,JA Rudolph,NJ Selman,EG Barnard,0,2,,2,,,,"",""
ball,3,23.2,Glamorgan,JA Rudolph,NJ Selman,EG Barnard,0,1,,,1,,,"",""
ball,3,23.3,Glamorgan,NJ Selman,JA Rudolph,EG Barnard,3,0,,,,,,"",""
ball,3,23.4,Glamorgan,JA Rudolph,NJ Selman,EG Barnard,0,0,,,,,,"",""
ball,3,23.5,Glamorgan,JA Rudolph,NJ Selman,EG Barnard,0,0,,,,,,"",""
ball,3,23.6,Glamorgan,JA Rudolph,NJ Selman,EG Barnard,0,0,,,,,,"",""
ball,3,23.7,Glamorgan,JA Rudolph,NJ Selman,EG Barnard,1,0,,,,,,"",""
ball,3,24.1,Glamorgan,JA Rudolph,NJ Selman,JC Tongue,0,0,,,,,,"",""
ball,3,24.2,Glamorgan,JA Rudolph,NJ Selman,JC Tongue,0,0,,,,,,"",""
ball,3,24.3,Glamorgan,JA Rudolph,NJ Selman,JC Tongue,0,0,,,,,,bowled,JA Rudolph
ball,3,24.4,Glamorgan,DL Lloyd,NJ Selman,JC Tongue,2,0,,,,,,"",""
ball,3,24.5,Glamorgan,DL Lloyd,NJ Selman,JC Tongue,4,0,,,,,,"",""
ball,3,24.6,Glamorgan,DL Lloyd,NJ Selman,JC Tongue,0,0,,,,,,lbw,DL Lloyd
ball,3,25.1,Glamorgan,NJ Selman,CA Ingram,EG Barnard,0,0,,,,,,"",""
ball,3,25.2,Glamorgan,NJ Selman,CA Ingram,EG Barnard,0,0,,,,,,"",""
ball,3,25.3,Glamorgan,NJ Selman,CA Ingram,EG Barnard,0,0,,,,,,"",""
ball,3,25.4,Glamorgan,NJ Selman,CA Ingram,EG Barnard,0,0,,,,,,"",""
ball,3,25.5,Glamorgan,NJ Selman,CA Ingram,EG Barnard,0,0,,,,,,"",""
ball,3,25.6,Glamorgan,NJ Selman,CA Ingram,EG Barnard,1,0,,,,,,"",""
ball,3,26.1,Glamorgan,NJ Selman,CA Ingram,JC Tongue,0,0,,,,,,"",""
ball,3,26.2,Glamorgan,NJ Selman,CA Ingram,JC Tongue,0,0,,,,,,"",""
ball,3,26.3,Glamorgan,NJ Selman,CA Ingram,JC Tongue,0,0,,,,,,"",""
ball,3,26.4,Glamorgan,NJ Selman,CA Ingram,JC Tongue,0,0,,,,,,"",""
ball,3,26.5,Glamorgan,NJ Selman,CA Ingram,JC Tongue,1,0,,,,,,"",""
ball,3,26.6,Glamorgan,CA Ingram,NJ Selman,JC Tongue,0,0,,,,,,"",""
ball,3,27.1,Glamorgan,NJ Selman,CA Ingram,EG Barnard,0,0,,,,,,"",""
ball,3,27.2,Glamorgan,NJ Selman,CA Ingram,EG Barnard,0,0,,,,,,"",""
ball,3,27.3,Glamorgan,NJ Selman,CA Ingram,EG Barnard,1,0,,,,,,"",""
ball,3,27.4,Glamorgan,CA Ingram,NJ Selman,EG Barnard,0,0,,,,,,"",""
ball,3,27.5,Glamorgan,CA Ingram,NJ Selman,EG Barnard,0,0,,,,,,"",""
ball,3,27.6,Glamorgan,CA Ingram,NJ Selman,EG Barnard,4,0,,,,,,"",""
ball,3,28.1,Glamorgan,NJ Selman,CA Ingram,JC Tongue,0,0,,,,,,"",""
ball,3,28.2,Glamorgan,NJ Selman,CA Ingram,JC Tongue,3,0,,,,,,"",""
ball,3,28.3,Glamorgan,CA Ingram,NJ Selman,JC Tongue,0,0,,,,,,"",""
ball,3,28.4,Glamorgan,CA Ingram,NJ Selman,JC Tongue,2,0,,,,,,"",""
ball,3,28.5,Glamorgan,CA Ingram,NJ Selman,JC Tongue,4,0,,,,,,"",""
ball,3,28.6,Glamorgan,CA Ingram,NJ Selman,JC Tongue,0,0,,,,,,"",""
ball,3,29.1,Glamorgan,NJ Selman,CA Ingram,JW Hastings,0,0,,,,,,"",""
ball,3,29.2,Glamorgan,NJ Selman,CA Ingram,JW Hastings,0,0,,,,,,"",""
ball,3,29.3,Glamorgan,NJ Selman,CA Ingram,JW Hastings,0,0,,,,,,"",""
ball,3,29.4,Glamorgan,NJ Selman,CA Ingram,JW Hastings,0,0,,,,,,"",""
ball,3,29.5,Glamorgan,NJ Selman,CA Ingram,JW Hastings,0,2,,2,,,,"",""
ball,3,29.6,Glamorgan,NJ Selman,CA Ingram,JW Hastings,0,0,,,,,,"",""
ball,3,29.7,Glamorgan,NJ Selman,CA Ingram,JW Hastings,0,0,,,,,,"",""
ball,3,30.1,Glamorgan,CA Ingram,NJ Selman,J Leach,2,0,,,,,,"",""
ball,3,30.2,Glamorgan,CA Ingram,NJ Selman,J Leach,0,0,,,,,,"",""
ball,3,30.3,Glamorgan,CA Ingram,NJ Selman,J Leach,1,0,,,,,,"",""
ball,3,30.4,Glamorgan,NJ Selman,CA Ingram,J Leach,0,0,,,,,,"",""
ball,3,30.5,Glamorgan,NJ Selman,CA Ingram,J Leach,0,0,,,,,,"",""
ball,3,30.6,Glamorgan,NJ Selman,CA Ingram,J Leach,0,0,,,,,,"",""
ball,3,31.1,Glamorgan,CA Ingram,NJ Selman,JW Hastings,0,0,,,,,,"",""
ball,3,31.2,Glamorgan,CA Ingram,NJ Selman,JW Hastings,0,0,,,,,,"",""
ball,3,31.3,Glamorgan,CA Ingram,NJ Selman,JW Hastings,0,0,,,,,,"",""
ball,3,31.4,Glamorgan,CA Ingram,NJ Selman,JW Hastings,0,0,,,,,,"",""
ball,3,31.5,Glamorgan,CA Ingram,NJ Selman,JW Hastings,0,0,,,,,,"",""
ball,3,31.6,Glamorgan,CA Ingram,NJ Selman,JW Hastings,0,0,,,,,,"",""
ball,3,32.1,Glamorgan,NJ Selman,CA Ingram,J Leach,0,0,,,,,,"",""
ball,3,32.2,Glamorgan,NJ Selman,CA Ingram,J Leach,0,0,,,,,,"",""
ball,3,32.3,Glamorgan,NJ Selman,CA Ingram,J Leach,0,0,,,,,,"",""
ball,3,32.4,Glamorgan,NJ Selman,CA Ingram,J Leach,0,0,,,,,,"",""
ball,3,32.5,Glamorgan,NJ Selman,CA Ingram,J Leach,0,0,,,,,,"",""
ball,3,32.6,Glamorgan,NJ Selman,CA Ingram,J Leach,0,0,,,,,,"",""
ball,3,33.1,Glamorgan,CA Ingram,NJ Selman,JW Hastings,4,0,,,,,,"",""
ball,3,33.2,Glamorgan,CA Ingram,NJ Selman,JW Hastings,0,0,,,,,,"",""
ball,3,33.3,Glamorgan,CA Ingram,NJ Selman,JW Hastings,3,0,,,,,,"",""
ball,3,33.4,Glamorgan,NJ Selman,CA Ingram,JW Hastings,0,0,,,,,,"",""
ball,3,33.5,Glamorgan,NJ Selman,CA Ingram,JW Hastings,0,0,,,,,,caught,NJ Selman
ball,3,33.6,Glamorgan,AHT Donald,CA Ingram,JW Hastings,4,0,,,,,,"",""
ball,3,34.1,Glamorgan,CA Ingram,AHT Donald,J Leach,4,0,,,,,,"",""
ball,3,34.2,Glamorgan,CA Ingram,AHT Donald,J Leach,1,0,,,,,,"",""
ball,3,34.3,Glamorgan,AHT Donald,CA Ingram,J Leach,0,0,,,,,,"",""
ball,3,34.4,Glamorgan,AHT Donald,CA Ingram,J Leach,0,0,,,,,,"",""
ball,3,34.5,Glamorgan,AHT Donald,CA Ingram,J Leach,0,0,,,,,,"",""
ball,3,34.6,Glamorgan,AHT Donald,CA Ingram,J Leach,0,0,,,,,,"",""
ball,3,35.1,Glamorgan,CA Ingram,AHT Donald,JW Hastings,0,0,,,,,,"",""
ball,3,35.2,Glamorgan,CA Ingram,AHT Donald,JW Hastings,4,0,,,,,,"",""
ball,3,35.3,Glamorgan,CA Ingram,AHT Donald,JW Hastings,0,0,,,,,,"",""
ball,3,35.4,Glamorgan,CA Ingram,AHT Donald,JW Hastings,0,0,,,,,,"",""
ball,3,35.5,Glamorgan,CA Ingram,AHT Donald,JW Hastings,0,0,,,,,,"",""
ball,3,35.6,Glamorgan,CA Ingram,AHT Donald,JW Hastings,0,0,,,,,,"",""
ball,3,36.1,Glamorgan,AHT Donald,CA Ingram,J Leach,0,0,,,,,,"",""
ball,3,36.2,Glamorgan,AHT Donald,CA Ingram,J Leach,0,0,,,,,,"",""
ball,3,36.3,Glamorgan,AHT Donald,CA Ingram,J Leach,0,0,,,,,,"",""
ball,3,36.4,Glamorgan,AHT Donald,CA Ingram,J Leach,0,0,,,,,,"",""
ball,3,36.5,Glamorgan,AHT Donald,CA Ingram,J Leach,0,0,,,,,,"",""
ball,3,36.6,Glamorgan,AHT Donald,CA Ingram,J Leach,0,0,,,,,,"",""
ball,3,37.1,Glamorgan,CA Ingram,AHT Donald,JW Hastings,0,0,,,,,,"",""
ball,3,37.2,Glamorgan,CA Ingram,AHT Donald,JW Hastings,0,2,,2,,,,"",""
ball,3,37.3,Glamorgan,CA Ingram,AHT Donald,JW Hastings,0,0,,,,,,"",""
ball,3,37.4,Glamorgan,CA Ingram,AHT Donald,JW Hastings,0,0,,,,,,"",""
ball,3,37.5,Glamorgan,CA Ingram,AHT Donald,JW Hastings,4,0,,,,,,"",""
ball,3,37.6,Glamorgan,CA Ingram,AHT Donald,JW Hastings,0,0,,,,,,"",""
ball,3,37.7,Glamorgan,CA Ingram,AHT Donald,JW Hastings,2,0,,,,,,"",""
ball,3,38.1,Glamorgan,AHT Donald,CA Ingram,J Leach,0,0,,,,,,"",""
ball,3,38.2,Glamorgan,AHT Donald,CA Ingram,J Leach,0,0,,,,,,"",""
ball,3,38.3,Glamorgan,AHT Donald,CA Ingram,J Leach,0,0,,,,,,"",""
ball,3,38.4,Glamorgan,AHT Donald,CA Ingram,J Leach,1,0,,,,,,"",""
ball,3,38.5,Glamorgan,CA Ingram,AHT Donald,J Leach,1,0,,,,,,"",""
ball,3,38.6,Glamorgan,AHT Donald,CA Ingram,J Leach,2,0,,,,,,"",""
ball,3,39.1,Glamorgan,CA Ingram,AHT Donald,JW Hastings,2,0,,,,,,"",""
ball,3,39.2,Glamorgan,CA Ingram,AHT Donald,JW Hastings,0,0,,,,,,"",""
ball,3,39.3,Glamorgan,CA Ingram,AHT Donald,JW Hastings,0,0,,,,,,"",""
ball,3,39.4,Glamorgan,CA Ingram,AHT Donald,JW Hastings,0,0,,,,,,"",""
ball,3,39.5,Glamorgan,CA Ingram,AHT Donald,JW Hastings,2,0,,,,,,"",""
ball,3,39.6,Glamorgan,CA Ingram,AHT Donald,JW Hastings,0,0,,,,,,"",""
ball,3,40.1,Glamorgan,AHT Donald,CA Ingram,J Leach,0,0,,,,,,"",""
ball,3,40.2,Glamorgan,AHT Donald,CA Ingram,J Leach,0,0,,,,,,"",""
ball,3,40.3,Glamorgan,AHT Donald,CA Ingram,J Leach,1,0,,,,,,"",""
ball,3,40.4,Glamorgan,CA Ingram,AHT Donald,J Leach,1,0,,,,,,"",""
ball,3,40.5,Glamorgan,AHT Donald,CA Ingram,J Leach,0,0,,,,,,"",""
ball,3,40.6,Glamorgan,AHT Donald,CA Ingram,J Leach,1,0,,,,,,"",""
ball,3,41.1,Glamorgan,AHT Donald,CA Ingram,JW Hastings,0,0,,,,,,"",""
ball,3,41.2,Glamorgan,AHT Donald,CA Ingram,JW Hastings,0,0,,,,,,"",""
ball,3,41.3,Glamorgan,AHT Donald,CA Ingram,JW Hastings,1,0,,,,,,"",""
ball,3,41.4,Glamorgan,CA Ingram,AHT Donald,JW Hastings,0,0,,,,,,"",""
ball,3,41.5,Glamorgan,CA Ingram,AHT Donald,JW Hastings,0,0,,,,,,"",""
ball,3,41.6,Glamorgan,CA Ingram,AHT Donald,JW Hastings,0,0,,,,,,"",""
ball,3,42.1,Glamorgan,AHT Donald,CA Ingram,J Leach,0,0,,,,,,"",""
ball,3,42.2,Glamorgan,AHT Donald,CA Ingram,J Leach,4,0,,,,,,"",""
ball,3,42.3,Glamorgan,AHT Donald,CA Ingram,J Leach,4,0,,,,,,"",""
ball,3,42.4,Glamorgan,AHT Donald,CA Ingram,J Leach,0,0,,,,,,"",""
ball,3,42.5,Glamorgan,AHT Donald,CA Ingram,J Leach,0,0,,,,,,"",""
ball,3,42.6,Glamorgan,AHT Donald,CA Ingram,J Leach,0,0,,,,,,"",""
ball,3,43.1,Glamorgan,CA Ingram,AHT Donald,JW Hastings,0,0,,,,,,"",""
ball,3,43.2,Glamorgan,CA Ingram,AHT Donald,JW Hastings,0,0,,,,,,"",""
ball,3,43.3,Glamorgan,CA Ingram,AHT Donald,JW Hastings,1,0,,,,,,"",""
ball,3,43.4,Glamorgan,AHT Donald,CA Ingram,JW Hastings,4,0,,,,,,"",""
ball,3,43.5,Glamorgan,AHT Donald,CA Ingram,JW Hastings,0,0,,,,,,"",""
ball,3,43.6,Glamorgan,AHT Donald,CA Ingram,JW Hastings,2,0,,,,,,"",""
ball,3,44.1,Glamorgan,CA Ingram,AHT Donald,J Leach,0,0,,,,,,caught,CA Ingram
ball,3,44.2,Glamorgan,CB Cooke,AHT Donald,J Leach,0,0,,,,,,"",""
ball,3,44.3,Glamorgan,CB Cooke,AHT Donald,J Leach,0,0,,,,,,"",""
ball,3,44.4,Glamorgan,CB Cooke,AHT Donald,J Leach,0,0,,,,,,"",""
ball,3,44.5,Glamorgan,CB Cooke,AHT Donald,J Leach,0,0,,,,,,"",""
ball,3,44.6,Glamorgan,CB Cooke,AHT Donald,J Leach,0,0,,,,,,"",""
ball,3,45.1,Glamorgan,AHT Donald,CB Cooke,JW Hastings,0,0,,,,,,"",""
ball,3,45.2,Glamorgan,AHT Donald,CB Cooke,JW Hastings,0,2,,2,,,,"",""
ball,3,45.3,Glamorgan,AHT Donald,CB Cooke,JW Hastings,0,0,,,,,,"",""
ball,3,45.4,Glamorgan,AHT Donald,CB Cooke,JW Hastings,0,0,,,,,,"",""
ball,3,45.5,Glamorgan,AHT Donald,CB Cooke,JW Hastings,1,0,,,,,,"",""
ball,3,45.6,Glamorgan,CB Cooke,AHT Donald,JW Hastings,0,0,,,,,,"",""
ball,3,45.7,Glamorgan,CB Cooke,AHT Donald,JW Hastings,0,0,,,,,,"",""
ball,3,46.1,Glamorgan,AHT Donald,CB Cooke,J Leach,1,0,,,,,,"",""
ball,3,46.2,Glamorgan,CB Cooke,AHT Donald,J Leach,0,0,,,,,,"",""
ball,3,46.3,Glamorgan,CB Cooke,AHT Donald,J Leach,1,0,,,,,,"",""
ball,3,46.4,Glamorgan,AHT Donald,CB Cooke,J Leach,4,0,,,,,,"",""
ball,3,46.5,Glamorgan,AHT Donald,CB Cooke,J Leach,0,0,,,,,,"",""
ball,3,46.6,Glamorgan,AHT Donald,CB Cooke,J Leach,0,0,,,,,,"",""
ball,3,47.1,Glamorgan,CB Cooke,AHT Donald,JW Hastings,0,0,,,,,,lbw,CB Cooke
ball,3,47.2,Glamorgan,KS Carlson,AHT Donald,JW Hastings,4,0,,,,,,"",""
ball,3,47.3,Glamorgan,KS Carlson,AHT Donald,JW Hastings,0,0,,,,,,"",""
ball,3,47.4,Glamorgan,KS Carlson,AHT Donald,JW Hastings,0,0,,,,,,"",""
ball,3,47.5,Glamorgan,KS Carlson,AHT Donald,JW Hastings,0,0,,,,,,"",""
ball,3,47.6,Glamorgan,KS Carlson,AHT Donald,JW Hastings,0,0,,,,,,"",""
ball,3,48.1,Glamorgan,AHT Donald,KS Carlson,J Leach,1,0,,,,,,"",""
ball,3,48.2,Glamorgan,KS Carlson,AHT Donald,J Leach,0,0,,,,,,"",""
ball,3,48.3,Glamorgan,KS Carlson,AHT Donald,J Leach,0,0,,,,,,"",""
ball,3,48.4,Glamorgan,KS Carlson,AHT Donald,J Leach,0,0,,,,,,"",""
ball,3,48.5,Glamorgan,KS Carlson,AHT Donald,J Leach,0,0,,,,,,"",""
ball,3,48.6,Glamorgan,KS Carlson,AHT Donald,J Leach,0,0,,,,,,"",""
ball,3,49.1,Glamorgan,AHT Donald,KS Carlson,JW Hastings,0,0,,,,,,"",""
ball,3,49.2,Glamorgan,AHT Donald,KS Carlson,JW Hastings,0,0,,,,,,"",""
ball,3,49.3,Glamorgan,AHT Donald,KS Carlson,JW Hastings,4,0,,,,,,"",""
ball,3,49.4,Glamorgan,AHT Donald,KS Carlson,JW Hastings,0,0,,,,,,"",""
ball,3,49.5,Glamorgan,AHT Donald,KS Carlson,JW Hastings,4,0,,,,,,"",""
ball,3,49.6,Glamorgan,AHT Donald,KS Carlson,JW Hastings,0,0,,,,,,"",""
ball,3,50.1,Glamorgan,KS Carlson,AHT Donald,J Leach,0,0,,,,,,"",""
ball,3,50.2,Glamorgan,KS Carlson,AHT Donald,J Leach,0,0,,,,,,"",""
ball,3,50.3,Glamorgan,KS Carlson,AHT Donald,J Leach,0,1,,,,1,,"",""
ball,3,50.4,Glamorgan,AHT Donald,KS Carlson,J Leach,1,0,,,,,,"",""
ball,3,50.5,Glamorgan,KS Carlson,AHT Donald,J Leach,2,0,,,,,,"",""
ball,3,50.6,Glamorgan,KS Carlson,AHT Donald,J Leach,0,0,,,,,,"",""
ball,3,51.1,Glamorgan,AHT Donald,KS Carlson,JC Tongue,2,0,,,,,,"",""
ball,3,51.2,Glamorgan,AHT Donald,KS Carlson,JC Tongue,1,0,,,,,,"",""
ball,3,51.3,Glamorgan,KS Carlson,AHT Donald,JC Tongue,0,0,,,,,,"",""
ball,3,51.4,Glamorgan,KS Carlson,AHT Donald,JC Tongue,0,0,,,,,,"",""
ball,3,51.5,Glamorgan,KS Carlson,AHT Donald,JC Tongue,4,0,,,,,,"",""
ball,3,51.6,Glamorgan,KS Carlson,AHT Donald,JC Tongue,0,0,,,,,,"",""
ball,3,52.1,Glamorgan,AHT Donald,KS Carlson,J Leach,0,0,,,,,,"",""
ball,3,52.2,Glamorgan,AHT Donald,KS Carlson,J Leach,1,0,,,,,,"",""
ball,3,52.3,Glamorgan,KS Carlson,AHT Donald,J Leach,0,0,,,,,,"",""
ball,3,52.4,Glamorgan,KS Carlson,AHT Donald,J Leach,0,0,,,,,,"",""
ball,3,52.5,Glamorgan,KS Carlson,AHT Donald,J Leach,0,0,,,,,,"",""
ball,3,52.6,Glamorgan,KS Carlson,AHT Donald,J Leach,1,0,,,,,,"",""
ball,3,53.1,Glamorgan,KS Carlson,AHT Donald,JC Tongue,0,0,,,,,,"",""
ball,3,53.2,Glamorgan,KS Carlson,AHT Donald,JC Tongue,0,0,,,,,,"",""
ball,3,53.3,Glamorgan,KS Carlson,AHT Donald,JC Tongue,1,0,,,,,,"",""
ball,3,53.4,Glamorgan,AHT Donald,KS Carlson,JC Tongue,4,0,,,,,,"",""
ball,3,53.5,Glamorgan,AHT Donald,KS Carlson,JC Tongue,1,0,,,,,,"",""
ball,3,53.6,Glamorgan,KS Carlson,AHT Donald,JC Tongue,0,0,,,,,,"",""
ball,3,54.1,Glamorgan,AHT Donald,KS Carlson,JD Shantry,0,0,,,,,,"",""
ball,3,54.2,Glamorgan,AHT Donald,KS Carlson,JD Shantry,0,0,,,,,,"",""
ball,3,54.3,Glamorgan,AHT Donald,KS Carlson,JD Shantry,1,0,,,,,,"",""
ball,3,54.4,Glamorgan,KS Carlson,AHT Donald,JD Shantry,4,0,,,,,,"",""
ball,3,54.5,Glamorgan,KS Carlson,AHT Donald,JD Shantry,1,0,,,,,,"",""
ball,3,54.6,Glamorgan,AHT Donald,KS Carlson,JD Shantry,0,0,,,,,,"",""
ball,3,55.1,Glamorgan,KS Carlson,AHT Donald,JC Tongue,0,0,,,,,,caught,KS Carlson
ball,3,55.2,Glamorgan,HW Podmore,AHT Donald,JC Tongue,0,0,,,,,,"",""
ball,3,55.3,Glamorgan,HW Podmore,AHT Donald,JC Tongue,0,0,,,,,,"",""
ball,3,55.4,Glamorgan,HW Podmore,AHT Donald,JC Tongue,0,0,,,,,,"",""
ball,3,55.5,Glamorgan,HW Podmore,AHT Donald,JC Tongue,0,0,,,,,,"",""
ball,3,55.6,Glamorgan,HW Podmore,AHT Donald,JC Tongue,0,0,,,,,,"",""
ball,3,56.1,Glamorgan,AHT Donald,HW Podmore,JD Shantry,3,0,,,,,,"",""
ball,3,56.2,Glamorgan,HW Podmore,AHT Donald,JD Shantry,0,0,,,,,,"",""
ball,3,56.3,Glamorgan,HW Podmore,AHT Donald,JD Shantry,0,0,,,,,,"",""
ball,3,56.4,Glamorgan,HW Podmore,AHT Donald,JD Shantry,0,0,,,,,,"",""
ball,3,56.5,Glamorgan,HW Podmore,AHT Donald,JD Shantry,0,0,,,,,,"",""
ball,3,56.6,Glamorgan,HW Podmore,AHT Donald,JD Shantry,0,0,,,,,,"",""
ball,3,57.1,Glamorgan,AHT Donald,HW Podmore,JC Tongue,4,0,,,,,,"",""
ball,3,57.2,Glamorgan,AHT Donald,HW Podmore,JC Tongue,0,0,,,,,,"",""
ball,3,57.3,Glamorgan,AHT Donald,HW Podmore,JC Tongue,0,0,,,,,,"",""
ball,3,57.4,Glamorgan,AHT Donald,HW Podmore,JC Tongue,0,0,,,,,,caught,AHT Donald
ball,3,57.5,Glamorgan,M de Lange,HW Podmore,JC Tongue,0,0,,,,,,caught,M de Lange
ball,3,57.6,Glamorgan,LJ Carey,HW Podmore,JC Tongue,0,0,,,,,,"",""
ball,3,58.1,Glamorgan,HW Podmore,LJ Carey,JD Shantry,2,0,,,,,,"",""
ball,3,58.2,Glamorgan,HW Podmore,LJ Carey,JD Shantry,0,0,,,,,,"",""
ball,3,58.3,Glamorgan,HW Podmore,LJ Carey,JD Shantry,0,0,,,,,,"",""
ball,3,58.4,Glamorgan,HW Podmore,LJ Carey,JD Shantry,0,0,,,,,,"",""
ball,3,58.5,Glamorgan,HW Podmore,LJ Carey,JD Shantry,2,0,,,,,,"",""
ball,3,58.6,Glamorgan,HW Podmore,LJ Carey,JD Shantry,0,0,,,,,,"",""
ball,3,59.1,Glamorgan,LJ Carey,HW Podmore,JC Tongue,0,0,,,,,,"",""
ball,3,59.2,Glamorgan,LJ Carey,HW Podmore,JC Tongue,4,0,,,,,,"",""
ball,3,59.3,Glamorgan,LJ Carey,HW Podmore,JC Tongue,0,0,,,,,,"",""
ball,3,59.4,Glamorgan,LJ Carey,HW Podmore,JC Tongue,0,0,,,,,,"",""
ball,3,59.5,Glamorgan,LJ Carey,HW Podmore,JC Tongue,0,0,,,,,,"",""
ball,3,59.6,Glamorgan,LJ Carey,HW Podmore,JC Tongue,0,0,,,,,,"",""
ball,3,60.1,Glamorgan,HW Podmore,LJ Carey,JD Shantry,0,0,,,,,,"",""
ball,3,60.2,Glamorgan,HW Podmore,LJ Carey,JD Shantry,0,0,,,,,,"",""
ball,3,60.3,Glamorgan,HW Podmore,LJ Carey,JD Shantry,0,0,,,,,,"",""
ball,3,60.4,Glamorgan,HW Podmore,LJ Carey,JD Shantry,0,0,,,,,,"",""
ball,3,60.5,Glamorgan,HW Podmore,LJ Carey,JD Shantry,0,0,,,,,,"",""
ball,3,60.6,Glamorgan,HW Podmore,LJ Carey,JD Shantry,1,0,,,,,,"",""
ball,3,61.1,Glamorgan,HW Podmore,LJ Carey,JC Tongue,0,0,,,,,,"",""
ball,3,61.2,Glamorgan,HW Podmore,LJ Carey,JC Tongue,0,0,,,,,,"",""
ball,3,61.3,Glamorgan,HW Podmore,LJ Carey,JC Tongue,0,0,,,,,,"",""
ball,3,61.4,Glamorgan,HW Podmore,LJ Carey,JC Tongue,0,0,,,,,,"",""
ball,3,61.5,Glamorgan,HW Podmore,LJ Carey,JC Tongue,1,0,,,,,,"",""
ball,3,61.6,Glamorgan,LJ Carey,HW Podmore,JC Tongue,1,0,,,,,,"",""
ball,3,62.1,Glamorgan,LJ Carey,HW Podmore,JD Shantry,0,0,,,,,,"",""
ball,3,62.2,Glamorgan,LJ Carey,HW Podmore,JD Shantry,0,0,,,,,,caught,LJ Carey
ball,3,62.3,Glamorgan,MG Hogan,HW Podmore,JD Shantry,2,0,,,,,,"",""
ball,3,62.4,Glamorgan,MG Hogan,HW Podmore,JD Shantry,0,0,,,,,,"",""
ball,3,62.5,Glamorgan,MG Hogan,HW Podmore,JD Shantry,0,0,,,,,,caught,MG Hogan
ball,4,0.1,Worcestershire,DKH Mitchell,BL D'Oliveira,MG Hogan,1,0,,,,,,"",""
ball,4,0.2,Worcestershire,BL D'Oliveira,DKH Mitchell,MG Hogan,0,0,,,,,,"",""
ball,4,0.3,Worcestershire,BL D'Oliveira,DKH Mitchell,MG Hogan,1,0,,,,,,"",""
ball,4,0.4,Worcestershire,DKH Mitchell,BL D'Oliveira,MG Hogan,0,0,,,,,,"",""
ball,4,0.5,Worcestershire,DKH Mitchell,BL D'Oliveira,MG Hogan,0,0,,,,,,"",""
ball,4,0.6,Worcestershire,DKH Mitchell,BL D'Oliveira,MG Hogan,0,0,,,,,,"",""
ball,4,1.1,Worcestershire,BL D'Oliveira,DKH Mitchell,LJ Carey,0,0,,,,,,"",""
ball,4,1.2,Worcestershire,BL D'Oliveira,DKH Mitchell,LJ Carey,4,0,,,,,,"",""
ball,4,1.3,Worcestershire,BL D'Oliveira,DKH Mitchell,LJ Carey,0,0,,,,,,"",""
ball,4,1.4,Worcestershire,BL D'Oliveira,DKH Mitchell,LJ Carey,0,0,,,,,,"",""
ball,4,1.5,Worcestershire,BL D'Oliveira,DKH Mitchell,LJ Carey,3,0,,,,,,"",""
ball,4,1.6,Worcestershire,DKH Mitchell,BL D'Oliveira,LJ Carey,0,0,,,,,,caught,DKH Mitchell
ball,4,2.1,Worcestershire,BL D'Oliveira,TC Fell,MG Hogan,1,0,,,,,,"",""
ball,4,2.2,Worcestershire,TC Fell,BL D'Oliveira,MG Hogan,1,0,,,,,,"",""
ball,4,2.3,Worcestershire,BL D'Oliveira,TC Fell,MG Hogan,0,0,,,,,,caught and bowled,BL D'Oliveira
ball,4,2.4,Worcestershire,JM Clarke,TC Fell,MG Hogan,0,0,,,,,,"",""
ball,4,2.5,Worcestershire,JM Clarke,TC Fell,MG Hogan,0,0,,,,,,"",""
ball,4,2.6,Worcestershire,JM Clarke,TC Fell,MG Hogan,0,0,,,,,,"",""
ball,4,3.1,Worcestershire,TC Fell,JM Clarke,LJ Carey,0,0,,,,,,"",""
ball,4,3.2,Worcestershire,TC Fell,JM Clarke,LJ Carey,0,0,,,,,,"",""
ball,4,3.3,Worcestershire,TC Fell,JM Clarke,LJ Carey,0,0,,,,,,"",""
ball,4,3.4,Worcestershire,TC Fell,JM Clarke,LJ Carey,0,0,,,,,,"",""
ball,4,3.5,Worcestershire,TC Fell,JM Clarke,LJ Carey,4,0,,,,,,"",""
ball,4,3.6,Worcestershire,TC Fell,JM Clarke,LJ Carey,0,0,,,,,,"",""
ball,4,4.1,Worcestershire,JM Clarke,TC Fell,MG Hogan,0,0,,,,,,"",""
ball,4,4.2,Worcestershire,JM Clarke,TC Fell,MG Hogan,0,1,,,,1,,"",""
ball,4,4.3,Worcestershire,TC Fell,JM Clarke,MG Hogan,0,0,,,,,,"",""
ball,4,4.4,Worcestershire,TC Fell,JM Clarke,MG Hogan,2,0,,,,,,"",""
ball,4,4.5,Worcestershire,TC Fell,JM Clarke,MG Hogan,4,0,,,,,,"",""
ball,4,4.6,Worcestershire,TC Fell,JM Clarke,MG Hogan,4,0,,,,,,"",""
ball,4,5.1,Worcestershire,JM Clarke,TC Fell,LJ Carey,0,0,,,,,,"",""
ball,4,5.2,Worcestershire,JM Clarke,TC Fell,LJ Carey,0,0,,,,,,"",""
ball,4,5.3,Worcestershire,JM Clarke,TC Fell,LJ Carey,2,0,,,,,,"",""
